Questions,Answer,1 Distractor,2 Distractor,3 Distractor,4 Distractor
৫৫০ টাকাকে ৫:৬ অনুপাতে ভাগ করলে প্রথম অংশ কত হবে,২৫০ টাকা,৫৫০ টাকাকে ৫:৬ অনুপাতে ভাগ করলে প্রথম অংশ কত হবে? ৫৫০ টাকা থেকে ২২০ টাকা খরচ করার পর অবশিষ্ট অর্থ দিয়ে তারা অন্য কিছু কিনতে পারবে।,৫৫০ টাকাকে ৫:৬ অনুপাতে ভাগ করলে প্রথম অংশ কত হবে? ৫৫০ টাকা থেকে ২২০ টাকা খরচ করার পর অবশিষ্ট অর্থ দিয়ে তারা অন্য কিছু কিনতে পারবে। এই টাকায় তারা আরও ৭টি খাতা কিনতে পারত।,৫৫০ টাকাকে ৫:৬ অনুপাতে ভাগ করলে প্রথম অংশ কত হবে? ৫৫০ টাকা থেকে ২২০ টাকা খরচ করার পর অবশিষ্ট অর্থ দিয়ে তারা অন্য কিছু কিনতে পারবে। এই টাকায় তারা আরও ৭টি খাতা কিনতে পারত। তাদের মাসিক হাত খরচের পরিমাণ মোট ১০০০ টাকা।,৫৫০ টাকাকে ৫:৬ অনুপাতে ভাগ করলে প্রথম অংশ কত হবে? ৫৫০ টাকা থেকে ২২০ টাকা খরচ করার পর অবশিষ্ট অর্থ দিয়ে তারা অন্য কিছু কিনতে পারবে। এই টাকায় তারা আরও ৭টি খাতা কিনতে পারত। তাদের মাসিক হাত খরচের পরিমাণ মোট ১০০০ টাকা। বই কেনার জন্য তাদের কাছে ১২টি দোকান খোলা ছিল।
দুই বন্ধুর বাড়ি থেকে স্কুলের দূরত্বের অনুপাত ২:৩ এবং প্রথম বন্ধুর দূরত্ব ৫ কিমি হলে দ্বিতীয় বন্ধুর দূরত্ব কত,৭.৫ কিমি,"দুই বন্ধুর বাড়ি থেকে স্কুলের দূরত্বের অনুপাত ২:৩ এবং প্রথম বন্ধুর দূরত্ব ৫ কিমি হলে দ্বিতীয় বন্ধুর দূরত্ব কত? তাদের দুজনের মধ্যে ১০ কিমি দূরত্বে আরও একজন বন্ধু থাকে, যার বাড়ি যেতে তাদের কখনও ৪টি বাস পরিবর্তন করতে হয়।","দুই বন্ধুর বাড়ি থেকে স্কুলের দূরত্বের অনুপাত ২:৩ এবং প্রথম বন্ধুর দূরত্ব ৫ কিমি হলে দ্বিতীয় বন্ধুর দূরত্ব কত? তাদের দুজনের মধ্যে ১০ কিমি দূরত্বে আরও একজন বন্ধু থাকে, যার বাড়ি যেতে তাদের কখনও ৪টি বাস পরিবর্তন করতে হয়। প্রথম বন্ধুর সাইকেলের গতি প্রতিদিন ১২ কিমি/ঘণ্টা।","দুই বন্ধুর বাড়ি থেকে স্কুলের দূরত্বের অনুপাত ২:৩ এবং প্রথম বন্ধুর দূরত্ব ৫ কিমি হলে দ্বিতীয় বন্ধুর দূরত্ব কত? তাদের দুজনের মধ্যে ১০ কিমি দূরত্বে আরও একজন বন্ধু থাকে, যার বাড়ি যেতে তাদের কখনও ৪টি বাস পরিবর্তন করতে হয়। প্রথম বন্ধুর সাইকেলের গতি প্রতিদিন ১২ কিমি/ঘণ্টা। দ্বিতীয় বন্ধুর স্কুলের পোশাকের দাম ৮০০ টাকা।","দুই বন্ধুর বাড়ি থেকে স্কুলের দূরত্বের অনুপাত ২:৩ এবং প্রথম বন্ধুর দূরত্ব ৫ কিমি হলে দ্বিতীয় বন্ধুর দূরত্ব কত? তাদের দুজনের মধ্যে ১০ কিমি দূরত্বে আরও একজন বন্ধু থাকে, যার বাড়ি যেতে তাদের কখনও ৪টি বাস পরিবর্তন করতে হয়। প্রথম বন্ধুর সাইকেলের গতি প্রতিদিন ১২ কিমি/ঘণ্টা। দ্বিতীয় বন্ধুর স্কুলের পোশাকের দাম ৮০০ টাকা। তাদের স্কুলের দৈনিক ছুটি হয় বিকাল ৪টায়।"
৪০% কে সাধারণ ভগ্নাংশে প্রকাশ করলে কী হয়,২/৫,"৪০% কে সাধারণ ভগ্নাংশে প্রকাশ করলে কী হয়? ৪০% একটি গুরুত্বপূর্ণ অংশ, যেমন একটি ক্লাসে মোট ৫০ জন ছাত্রের মধ্যে ২০ জন অনুপস্থিত।","৪০% কে সাধারণ ভগ্নাংশে প্রকাশ করলে কী হয়? ৪০% একটি গুরুত্বপূর্ণ অংশ, যেমন একটি ক্লাসে মোট ৫০ জন ছাত্রের মধ্যে ২০ জন অনুপস্থিত। এই ৪০% নম্বর প্রাপ্তি পরীক্ষায় পাশ করার জন্য ন্যূনতম ৮০ নম্বরের সমান।","৪০% কে সাধারণ ভগ্নাংশে প্রকাশ করলে কী হয়? ৪০% একটি গুরুত্বপূর্ণ অংশ, যেমন একটি ক্লাসে মোট ৫০ জন ছাত্রের মধ্যে ২০ জন অনুপস্থিত। এই ৪০% নম্বর প্রাপ্তি পরীক্ষায় পাশ করার জন্য ন্যূনতম ৮০ নম্বরের সমান। পরীক্ষাটিতে মোট ১০০টি প্রশ্ন ছিল।","৪০% কে সাধারণ ভগ্নাংশে প্রকাশ করলে কী হয়? ৪০% একটি গুরুত্বপূর্ণ অংশ, যেমন একটি ক্লাসে মোট ৫০ জন ছাত্রের মধ্যে ২০ জন অনুপস্থিত। এই ৪০% নম্বর প্রাপ্তি পরীক্ষায় পাশ করার জন্য ন্যূনতম ৮০ নম্বরের সমান। পরীক্ষাটিতে মোট ১০০টি প্রশ্ন ছিল। প্রতিটি প্রশ্নে ৫ নম্বর করে ছিল।"
১৫০% কে দশমিক ভগ্নাংশে প্রকাশ করলে কী হয়,1.5,"১৫০% কে দশমিক ভগ্নাংশে প্রকাশ করলে কী হয়? যদি কোনো কিছুর মান ১৫০% বৃদ্ধি পায়, তাহলে তা শুরু মূল্যের ২.৫ গুণ হয়ে যায়।","১৫০% কে দশমিক ভগ্নাংশে প্রকাশ করলে কী হয়? যদি কোনো কিছুর মান ১৫০% বৃদ্ধি পায়, তাহলে তা শুরু মূল্যের ২.৫ গুণ হয়ে যায়। গত ৩ বছরে তাদের বিক্রি ১৫% বৃদ্ধি পেয়েছে।","১৫০% কে দশমিক ভগ্নাংশে প্রকাশ করলে কী হয়? যদি কোনো কিছুর মান ১৫০% বৃদ্ধি পায়, তাহলে তা শুরু মূল্যের ২.৫ গুণ হয়ে যায়। গত ৩ বছরে তাদের বিক্রি ১৫% বৃদ্ধি পেয়েছে। কোম্পানিটির বর্তমানে বার্ষিক আয় ২০ লক্ষ টাকা।","১৫০% কে দশমিক ভগ্নাংশে প্রকাশ করলে কী হয়? যদি কোনো কিছুর মান ১৫০% বৃদ্ধি পায়, তাহলে তা শুরু মূল্যের ২.৫ গুণ হয়ে যায়। গত ৩ বছরে তাদের বিক্রি ১৫% বৃদ্ধি পেয়েছে। কোম্পানিটির বর্তমানে বার্ষিক আয় ২০ লক্ষ টাকা। গত বছর তাদের মুনাফা ছিল ৫ লক্ষ টাকা।"
২৫ টাকা ১২৫ টাকার শতকরা কত,20%,২৫ টাকা ১২৫ টাকার শতকরা কত? ২৫ টাকার মতো ছোট একটি অংশ ১২৫ টাকার মোট মূল্যের ২০% ছাড়ের সমান হতে পারে।,২৫ টাকা ১২৫ টাকার শতকরা কত? ২৫ টাকার মতো ছোট একটি অংশ ১২৫ টাকার মোট মূল্যের ২০% ছাড়ের সমান হতে পারে। দোকানে আরও ৫০০ টাকার জিনিসপত্র ছিল।,২৫ টাকা ১২৫ টাকার শতকরা কত? ২৫ টাকার মতো ছোট একটি অংশ ১২৫ টাকার মোট মূল্যের ২০% ছাড়ের সমান হতে পারে। দোকানে আরও ৫০০ টাকার জিনিসপত্র ছিল। তারা মোট ১০টি পণ্য কিনেছিল।,২৫ টাকা ১২৫ টাকার শতকরা কত? ২৫ টাকার মতো ছোট একটি অংশ ১২৫ টাকার মোট মূল্যের ২০% ছাড়ের সমান হতে পারে। দোকানে আরও ৫০০ টাকার জিনিসপত্র ছিল। তারা মোট ১০টি পণ্য কিনেছিল। প্রতিটি পণ্যের গড় দাম ছিল ১২ টাকা।
একটি কলম ২০% লাভে ২৪ টাকায় বিক্রয় করলে ক্রয়মূল্য কত,২০ টাকা,"একটি কলম ২০% লাভে ২৪ টাকায় বিক্রয় করলে ক্রয়মূল্য কত? কলমটি ২০% লাভে ২৪ টাকায় বিক্রয় করার পর, দোকানে আরও ৫০টি কলম অবশিষ্ট ছিল।","একটি কলম ২০% লাভে ২৪ টাকায় বিক্রয় করলে ক্রয়মূল্য কত? কলমটি ২০% লাভে ২৪ টাকায় বিক্রয় করার পর, দোকানে আরও ৫০টি কলম অবশিষ্ট ছিল। কলমটির উৎপাদন খরচ ছিল প্রতিটিতে ১৫ টাকা।","একটি কলম ২০% লাভে ২৪ টাকায় বিক্রয় করলে ক্রয়মূল্য কত? কলমটি ২০% লাভে ২৪ টাকায় বিক্রয় করার পর, দোকানে আরও ৫০টি কলম অবশিষ্ট ছিল। কলমটির উৎপাদন খরচ ছিল প্রতিটিতে ১৫ টাকা। দোকানটি প্রতিদিন গড়ে ১৫০০ টাকার কলম বিক্রি করে।","একটি কলম ২০% লাভে ২৪ টাকায় বিক্রয় করলে ক্রয়মূল্য কত? কলমটি ২০% লাভে ২৪ টাকায় বিক্রয় করার পর, দোকানে আরও ৫০টি কলম অবশিষ্ট ছিল। কলমটির উৎপাদন খরচ ছিল প্রতিটিতে ১৫ টাকা। দোকানটি প্রতিদিন গড়ে ১৫০০ টাকার কলম বিক্রি করে। দোকানের প্রতিদিনের আয় প্রায় ৩০০ টাকা।"
একটি বই ১৫% কমিশনে ১৭০ টাকায় বিক্রয় করলে প্রকৃত মূল্য কত,২০০ টাকা,"একটি বই ১৫% কমিশনে ১৭০ টাকায় বিক্রয় করলে প্রকৃত মূল্য কত? বইটির দাম ১৭০ টাকা হলেও, এর লেখক আরও ৩০০টি বই লিখেছিলেন।","একটি বই ১৫% কমিশনে ১৭০ টাকায় বিক্রয় করলে প্রকৃত মূল্য কত? বইটির দাম ১৭০ টাকা হলেও, এর লেখক আরও ৩০০টি বই লিখেছিলেন। বইটি প্রকাশ করতে মোট ৫০০০ টাকা খরচ হয়েছে।","একটি বই ১৫% কমিশনে ১৭০ টাকায় বিক্রয় করলে প্রকৃত মূল্য কত? বইটির দাম ১৭০ টাকা হলেও, এর লেখক আরও ৩০০টি বই লিখেছিলেন। বইটি প্রকাশ করতে মোট ৫০০০ টাকা খরচ হয়েছে। বইটি মোট ২৫০ পৃষ্ঠার ছিল।","একটি বই ১৫% কমিশনে ১৭০ টাকায় বিক্রয় করলে প্রকৃত মূল্য কত? বইটির দাম ১৭০ টাকা হলেও, এর লেখক আরও ৩০০টি বই লিখেছিলেন। বইটি প্রকাশ করতে মোট ৫০০০ টাকা খরচ হয়েছে। বইটি মোট ২৫০ পৃষ্ঠার ছিল। এর মলাটের উপর ১০টি ভিন্ন রঙের নকশা ছিল।"
৬ জন লোক একটি কাজ ২৮ দিনে করলে ২৪ জন লোক কত দিনে করবে,৭ দিন,৬ জন লোক একটি কাজ ২৮ দিনে করলে ২৪ জন লোক কত দিনে করবে? কাজটি সম্পন্ন করার জন্য তাদের কাছে মোট ৫০০টি উপকরণ ছিল।,৬ জন লোক একটি কাজ ২৮ দিনে করলে ২৪ জন লোক কত দিনে করবে? কাজটি সম্পন্ন করার জন্য তাদের কাছে মোট ৫০০টি উপকরণ ছিল। প্রতিদিন ৬ ঘণ্টা করে কাজ করলে তা আরও দ্রুত শেষ হবে।,৬ জন লোক একটি কাজ ২৮ দিনে করলে ২৪ জন লোক কত দিনে করবে? কাজটি সম্পন্ন করার জন্য তাদের কাছে মোট ৫০০টি উপকরণ ছিল। প্রতিদিন ৬ ঘণ্টা করে কাজ করলে তা আরও দ্রুত শেষ হবে। প্রতিটি উপকরণের দাম ছিল ১৫ টাকা।,৬ জন লোক একটি কাজ ২৮ দিনে করলে ২৪ জন লোক কত দিনে করবে? কাজটি সম্পন্ন করার জন্য তাদের কাছে মোট ৫০০টি উপকরণ ছিল। প্রতিদিন ৬ ঘণ্টা করে কাজ করলে তা আরও দ্রুত শেষ হবে। প্রতিটি উপকরণের দাম ছিল ১৫ টাকা। এই কাজের জন্য মোট ১০ জন পরিদর্শক নিযুক্ত ছিলেন।
একটি কাজ ক ১০ দিনে ও খ ১৫ দিনে করলে তারা একত্রে কত দিনে করবে,৬ দিন,"একটি কাজ ক ১০ দিনে ও খ ১৫ দিনে করলে তারা একত্রে কত দিনে করবে? তারা প্রতিদিন ৮ ঘণ্টা করে কাজ করে, এবং কাজের জন্য মোট ১২০টি উপকরণ প্রয়োজন।","একটি কাজ ক ১০ দিনে ও খ ১৫ দিনে করলে তারা একত্রে কত দিনে করবে? তারা প্রতিদিন ৮ ঘণ্টা করে কাজ করে, এবং কাজের জন্য মোট ১২০টি উপকরণ প্রয়োজন। কাজটিতে মোট ২৫০০ কিলোজুল শক্তি ব্যয় হয়।","একটি কাজ ক ১০ দিনে ও খ ১৫ দিনে করলে তারা একত্রে কত দিনে করবে? তারা প্রতিদিন ৮ ঘণ্টা করে কাজ করে, এবং কাজের জন্য মোট ১২০টি উপকরণ প্রয়োজন। কাজটিতে মোট ২৫০০ কিলোজুল শক্তি ব্যয় হয়। তাদের মোট মাসিক আয় ২০০০০ টাকা।","একটি কাজ ক ১০ দিনে ও খ ১৫ দিনে করলে তারা একত্রে কত দিনে করবে? তারা প্রতিদিন ৮ ঘণ্টা করে কাজ করে, এবং কাজের জন্য মোট ১২০টি উপকরণ প্রয়োজন। কাজটিতে মোট ২৫০০ কিলোজুল শক্তি ব্যয় হয়। তাদের মোট মাসিক আয় ২০০০০ টাকা। তারা সপ্তাহে ৫ দিন কাজ করে।"
১০টি বলপেনের দাম ৬০ টাকা হলে ২টি বলপেনের দাম কত,১২ টাকা,১০টি বলপেনের দাম ৬০ টাকা হলে ২টি বলপেনের দাম কত? দোকানে আরও ১০০টি বলপেন ছিল এবং প্রতিটি বলপেনের ওজন প্রায় ১০ গ্রাম।,১০টি বলপেনের দাম ৬০ টাকা হলে ২টি বলপেনের দাম কত? দোকানে আরও ১০০টি বলপেন ছিল এবং প্রতিটি বলপেনের ওজন প্রায় ১০ গ্রাম। মোট বিক্রিত বলপেনের সংখ্যা ছিল ২০০টি।,১০টি বলপেনের দাম ৬০ টাকা হলে ২টি বলপেনের দাম কত? দোকানে আরও ১০০টি বলপেন ছিল এবং প্রতিটি বলপেনের ওজন প্রায় ১০ গ্রাম। মোট বিক্রিত বলপেনের সংখ্যা ছিল ২০০টি। প্রতিটি বলপেন ১.৫ ইঞ্চি লম্বা ছিল।,১০টি বলপেনের দাম ৬০ টাকা হলে ২টি বলপেনের দাম কত? দোকানে আরও ১০০টি বলপেন ছিল এবং প্রতিটি বলপেনের ওজন প্রায় ১০ গ্রাম। মোট বিক্রিত বলপেনের সংখ্যা ছিল ২০০টি। প্রতিটি বলপেন ১.৫ ইঞ্চি লম্বা ছিল। দোকানটিতে আরও ৫ ধরনের বলপেন পাওয়া যায়।
১ ডজন ডিমের দাম ৪৮ টাকা হলে ১৬টি ডিমের দাম কত,৬৪ টাকা,১ ডজন ডিমের দাম ৪৮ টাকা হলে ১৬টি ডিমের দাম কত? ডিমগুলো কেনার জন্য তাকে মোট ১০০ টাকা দিতে হয়েছিল।,১ ডজন ডিমের দাম ৪৮ টাকা হলে ১৬টি ডিমের দাম কত? ডিমগুলো কেনার জন্য তাকে মোট ১০০ টাকা দিতে হয়েছিল। প্রতি ডিমে প্রায় ৫০ গ্রাম প্রোটিন থাকে।,১ ডজন ডিমের দাম ৪৮ টাকা হলে ১৬টি ডিমের দাম কত? ডিমগুলো কেনার জন্য তাকে মোট ১০০ টাকা দিতে হয়েছিল। প্রতি ডিমে প্রায় ৫০ গ্রাম প্রোটিন থাকে। ডিমের খোসার ওজন প্রতিটি ডিমে প্রায় ৫ গ্রাম।,১ ডজন ডিমের দাম ৪৮ টাকা হলে ১৬টি ডিমের দাম কত? ডিমগুলো কেনার জন্য তাকে মোট ১০০ টাকা দিতে হয়েছিল। প্রতি ডিমে প্রায় ৫০ গ্রাম প্রোটিন থাকে। ডিমের খোসার ওজন প্রতিটি ডিমে প্রায় ৫ গ্রাম। সে মোট ৩ ডজন ডিম কিনতে চেয়েছিল।
কাজের পরিমাণ অপরিবর্তিত থাকলে লোক সংখ্যা বাড়ালে সময় কী হয়,সময় কমে যায়,"কাজের পরিমাণ অপরিবর্তিত থাকলে লোক সংখ্যা বাড়ালে সময় কী হয়? যদি ১০ জন শ্রমিক কাজ করে, তবে একটি নির্দিষ্ট কাজ শেষ করতে ৩০ দিন সময় লাগে।","কাজের পরিমাণ অপরিবর্তিত থাকলে লোক সংখ্যা বাড়ালে সময় কী হয়? যদি ১০ জন শ্রমিক কাজ করে, তবে একটি নির্দিষ্ট কাজ শেষ করতে ৩০ দিন সময় লাগে। কাজটি সম্পন্ন করতে মোট ৩০০ শ্রমঘণ্টা প্রয়োজন।","কাজের পরিমাণ অপরিবর্তিত থাকলে লোক সংখ্যা বাড়ালে সময় কী হয়? যদি ১০ জন শ্রমিক কাজ করে, তবে একটি নির্দিষ্ট কাজ শেষ করতে ৩০ দিন সময় লাগে। কাজটি সম্পন্ন করতে মোট ৩০০ শ্রমঘণ্টা প্রয়োজন। প্রতিটি শ্রমিকের দৈনিক মজুরি ৪০০ টাকা।","কাজের পরিমাণ অপরিবর্তিত থাকলে লোক সংখ্যা বাড়ালে সময় কী হয়? যদি ১০ জন শ্রমিক কাজ করে, তবে একটি নির্দিষ্ট কাজ শেষ করতে ৩০ দিন সময় লাগে। কাজটি সম্পন্ন করতে মোট ৩০০ শ্রমঘণ্টা প্রয়োজন। প্রতিটি শ্রমিকের দৈনিক মজুরি ৪০০ টাকা। কাজটি শেষ করতে ৪টি ভিন্ন ধরনের যন্ত্র ব্যবহার করা হয়েছে।"
৭ কেজি চালের দাম ২৮০ টাকা হলে ১৫ কেজি চালের দাম কত,৬০০ টাকা,৭ কেজি চালের দাম ২৮০ টাকা হলে ১৫ কেজি চালের দাম কত? চাল কেনার জন্য তার কাছে ৫০০ টাকার একটি নোট ছিল।,৭ কেজি চালের দাম ২৮০ টাকা হলে ১৫ কেজি চালের দাম কত? চাল কেনার জন্য তার কাছে ৫০০ টাকার একটি নোট ছিল। এই চাল দিয়ে ২০ জনের একবেলার খাবার তৈরি হবে।,৭ কেজি চালের দাম ২৮০ টাকা হলে ১৫ কেজি চালের দাম কত? চাল কেনার জন্য তার কাছে ৫০০ টাকার একটি নোট ছিল। এই চাল দিয়ে ২০ জনের একবেলার খাবার তৈরি হবে। এক মাসে তারা মোট ৫০ কেজি চাল খায়।,৭ কেজি চালের দাম ২৮০ টাকা হলে ১৫ কেজি চালের দাম কত? চাল কেনার জন্য তার কাছে ৫০০ টাকার একটি নোট ছিল। এই চাল দিয়ে ২০ জনের একবেলার খাবার তৈরি হবে। এক মাসে তারা মোট ৫০ কেজি চাল খায়। তার পরিবারের মোট সদস্য সংখ্যা ৫ জন।
একটি ছাত্রাবাসে ৫০ জনের ১৫ দিনের খাদ্য মজুদ আছে। ঐ খাদ্যে ২৫ জনের কত দিন চলবে,৩০ দিন,একটি ছাত্রাবাসে ৫০ জনের ১৫ দিনের খাদ্য মজুদ আছে। ঐ খাদ্যে ২৫ জনের কত দিন চলবে? এই খাদ্য মজুদের জন্য মোট ২০০ কেজি চাল এবং ৫০ কেজি ডাল ব্যবহার করা হয়েছিল।,একটি ছাত্রাবাসে ৫০ জনের ১৫ দিনের খাদ্য মজুদ আছে। ঐ খাদ্যে ২৫ জনের কত দিন চলবে? এই খাদ্য মজুদের জন্য মোট ২০০ কেজি চাল এবং ৫০ কেজি ডাল ব্যবহার করা হয়েছিল। ছাত্রাবাসে মোট ১২৫ জন ছাত্র থাকতে পারে।,একটি ছাত্রাবাসে ৫০ জনের ১৫ দিনের খাদ্য মজুদ আছে। ঐ খাদ্যে ২৫ জনের কত দিন চলবে? এই খাদ্য মজুদের জন্য মোট ২০০ কেজি চাল এবং ৫০ কেজি ডাল ব্যবহার করা হয়েছিল। ছাত্রাবাসে মোট ১২৫ জন ছাত্র থাকতে পারে। প্রতি মাসে তাদের বিদ্যুৎ বিল আসে ৫০০০ টাকা।,একটি ছাত্রাবাসে ৫০ জনের ১৫ দিনের খাদ্য মজুদ আছে। ঐ খাদ্যে ২৫ জনের কত দিন চলবে? এই খাদ্য মজুদের জন্য মোট ২০০ কেজি চাল এবং ৫০ কেজি ডাল ব্যবহার করা হয়েছিল। ছাত্রাবাসে মোট ১২৫ জন ছাত্র থাকতে পারে। প্রতি মাসে তাদের বিদ্যুৎ বিল আসে ৫০০০ টাকা। প্রতিদিন ছাত্রদের জন্য ৩০০ লিটার পানীয় জল প্রয়োজন।
৯০০০ টাকা বিনিয়োগে প্রতিদিন ৪৫০ টাকা লাভ হলে ৬০০ টাকা লাভ করতে কত বিনিয়োগ করতে হবে,১২০০০ টাকা,৯০০০ টাকা বিনিয়োগে প্রতিদিন ৪৫০ টাকা লাভ হলে ৬০০ টাকা লাভ করতে কত বিনিয়োগ করতে হবে? এই বিনিয়োগের মাধ্যমে এক মাসে মোট ১৩৫০০ টাকা লাভ করা সম্ভব।,৯০০০ টাকা বিনিয়োগে প্রতিদিন ৪৫০ টাকা লাভ হলে ৬০০ টাকা লাভ করতে কত বিনিয়োগ করতে হবে? এই বিনিয়োগের মাধ্যমে এক মাসে মোট ১৩৫০০ টাকা লাভ করা সম্ভব। প্রকল্পটি চালু হওয়ার প্রথম ৩ মাসে মোট ১০ লক্ষ টাকা বিনিয়োগ করা হয়েছে।,৯০০০ টাকা বিনিয়োগে প্রতিদিন ৪৫০ টাকা লাভ হলে ৬০০ টাকা লাভ করতে কত বিনিয়োগ করতে হবে? এই বিনিয়োগের মাধ্যমে এক মাসে মোট ১৩৫০০ টাকা লাভ করা সম্ভব। প্রকল্পটি চালু হওয়ার প্রথম ৩ মাসে মোট ১০ লক্ষ টাকা বিনিয়োগ করা হয়েছে। প্রতি লাখে তাদের ৫০ টাকা কমিশন পায়।,৯০০০ টাকা বিনিয়োগে প্রতিদিন ৪৫০ টাকা লাভ হলে ৬০০ টাকা লাভ করতে কত বিনিয়োগ করতে হবে? এই বিনিয়োগের মাধ্যমে এক মাসে মোট ১৩৫০০ টাকা লাভ করা সম্ভব। প্রকল্পটি চালু হওয়ার প্রথম ৩ মাসে মোট ১০ লক্ষ টাকা বিনিয়োগ করা হয়েছে। প্রতি লাখে তাদের ৫০ টাকা কমিশন পায়। এই প্রকল্পে মোট ৭ জন অংশীদার ছিল।
১২০ কেজি চালে ১০ জন লোকের ২৭ দিন চলে। ৪৫ দিন চলতে কত কেজি চাল প্রয়োজন হবে,২০০ কেজি,১২০ কেজি চালে ১০ জন লোকের ২৭ দিন চলে। ৪৫ দিন চলতে কত কেজি চাল প্রয়োজন হবে? এই চালগুলো ৫০ কেজি ওজনের বস্তায় আনা হয়েছিল।,১২০ কেজি চালে ১০ জন লোকের ২৭ দিন চলে। ৪৫ দিন চলতে কত কেজি চাল প্রয়োজন হবে? এই চালগুলো ৫০ কেজি ওজনের বস্তায় আনা হয়েছিল। প্রতি মাসে তাদের জন্য ৫০০ কেজি চালের চাহিদা থাকে।,১২০ কেজি চালে ১০ জন লোকের ২৭ দিন চলে। ৪৫ দিন চলতে কত কেজি চাল প্রয়োজন হবে? এই চালগুলো ৫০ কেজি ওজনের বস্তায় আনা হয়েছিল। প্রতি মাসে তাদের জন্য ৫০০ কেজি চালের চাহিদা থাকে। একটি পরিবারের জন্য মাসে ১০ কেজি চাল প্রয়োজন।,১২০ কেজি চালে ১০ জন লোকের ২৭ দিন চলে। ৪৫ দিন চলতে কত কেজি চাল প্রয়োজন হবে? এই চালগুলো ৫০ কেজি ওজনের বস্তায় আনা হয়েছিল। প্রতি মাসে তাদের জন্য ৫০০ কেজি চালের চাহিদা থাকে। একটি পরিবারের জন্য মাসে ১০ কেজি চাল প্রয়োজন। চালের গোডাউনে মোট ১০০টি বস্তা মজুদ আছে।
২ কুইন্টাল চালে ১৫ জন ছাত্রের ৩০ দিন চলে। ঐ চালে ২০ জন ছাত্রের কত দিন চলবে,২২ ১/২ দিন,"২ কুইন্টাল চালে ১৫ জন ছাত্রের ৩০ দিন চলে। ঐ চালে ২০ জন ছাত্রের কত দিন চলবে? ছাত্রাবাসে প্রতিদিন তিন বেলা খাবার পরিবেশন করা হয়, প্রতি বেলাতে ৫০০ গ্রাম চাল লাগে।",২ কুইন্টাল চালে ১৫ জন ছাত্রের ৩০ দিন চলে। ঐ চালে ২০ জন ছাত্রের কত দিন চলবে? ছাত্ররা প্রতিদিন তিন বেলা খাবার খায় এবং প্রতিটি খাবারের খরচ ২০ টাকা। এই চালের ওজন ২০০ কিলোগ্রাম।,২ কুইন্টাল চালে ১৫ জন ছাত্রের ৩০ দিন চলে। ঐ চালে ২০ জন ছাত্রের কত দিন চলবে? ছাত্ররা প্রতিদিন তিন বেলা খাবার খায় এবং প্রতিটি খাবারের খরচ ২০ টাকা। এই চালের ওজন ২০০ কিলোগ্রাম। প্রতি বেলার খাবারের জন্য তাদের ৫০০ গ্রাম চাল লাগে।,২ কুইন্টাল চালে ১৫ জন ছাত্রের ৩০ দিন চলে। ঐ চালে ২০ জন ছাত্রের কত দিন চলবে? ছাত্ররা প্রতিদিন তিন বেলা খাবার খায় এবং প্রতিটি খাবারের খরচ ২০ টাকা। এই চালের ওজন ২০০ কিলোগ্রাম। প্রতি বেলার খাবারের জন্য তাদের ৫০০ গ্রাম চাল লাগে। তাদের মাসিক খরচের ৫০% খাবার বাবদ ব্যয় হয়।
একটি বাঁধ তৈরি করতে ৩৬০ জন শ্রমিকের ২৫ দিন লাগে। ১৮ দিনে কাজটি শেষ করতে কতজন অতিরিক্ত শ্রমিক লাগবে,১৪০ জন,"একটি বাঁধ তৈরি করতে ৩৬০ জন শ্রমিকের ২৫ দিন লাগে। ১৮ দিনে কাজটি শেষ করতে কতজন অতিরিক্ত শ্রমিক লাগবে? প্রতিদিন শ্রমিকরা ৮ ঘণ্টা করে কাজ করে, এবং প্রতিটি শ্রমিকের মজুরি ৫০০ টাকা।","একটি বাঁধ তৈরি করতে ৩৬০ জন শ্রমিকের ২৫ দিন লাগে। ১৮ দিনে কাজটি শেষ করতে কতজন অতিরিক্ত শ্রমিক লাগবে? প্রতিদিন শ্রমিকরা ৮ ঘণ্টা করে কাজ করে, এবং প্রতিটি শ্রমিকের মজুরি ৫০০ টাকা। বাঁধটির উচ্চতা প্রায় ৩০ মিটার হবে।","একটি বাঁধ তৈরি করতে ৩৬০ জন শ্রমিকের ২৫ দিন লাগে। ১৮ দিনে কাজটি শেষ করতে কতজন অতিরিক্ত শ্রমিক লাগবে? প্রতিদিন শ্রমিকরা ৮ ঘণ্টা করে কাজ করে, এবং প্রতিটি শ্রমিকের মজুরি ৫০০ টাকা। বাঁধটির উচ্চতা প্রায় ৩০ মিটার হবে। এই বাঁধ নির্মাণে মোট ৫০০০০ ঘনমিটার কংক্রিট লাগবে।","একটি বাঁধ তৈরি করতে ৩৬০ জন শ্রমিকের ২৫ দিন লাগে। ১৮ দিনে কাজটি শেষ করতে কতজন অতিরিক্ত শ্রমিক লাগবে? প্রতিদিন শ্রমিকরা ৮ ঘণ্টা করে কাজ করে, এবং প্রতিটি শ্রমিকের মজুরি ৫০০ টাকা। বাঁধটির উচ্চতা প্রায় ৩০ মিটার হবে। এই বাঁধ নির্মাণে মোট ৫০০০০ ঘনমিটার কংক্রিট লাগবে। বাঁধের দৈর্ঘ্য ছিল ৫০০ মিটার।"
২৫ জন লোক দৈনিক ৬ ঘণ্টা পরিশ্রম করে একটি কাজ ৮ দিনে শেষ করে। ১০ জন লোক দৈনিক কত ঘণ্টা পরিশ্রম করে ঐ কাজটি শেষ করবে,১৫ ঘণ্টা,২৫ জন লোক দৈনিক ৬ ঘণ্টা পরিশ্রম করে একটি কাজ ৮ দিনে শেষ করে। ১০ জন লোক দৈনিক কত ঘণ্টা পরিশ্রম করে ঐ কাজটি করবে? কাজের জন্য মোট ৫০০টি উপকরণ ব্যবহার করা হয়েছে এবং প্রতিটি উপকরণের দাম ২০ টাকা।,২৫ জন লোক দৈনিক ৬ ঘণ্টা পরিশ্রম করে একটি কাজ ৮ দিনে শেষ করে। ১০ জন লোক দৈনিক কত ঘণ্টা পরিশ্রম করে ঐ কাজটি করবে? কাজের জন্য মোট ৫০০টি উপকরণ ব্যবহার করা হয়েছে এবং প্রতিটি উপকরণের দাম ২০ টাকা। এই কাজের মোট বাজেট ছিল ১০০০০০ টাকা।,২৫ জন লোক দৈনিক ৬ ঘণ্টা পরিশ্রম করে একটি কাজ ৮ দিনে শেষ করে। ১০ জন লোক দৈনিক কত ঘণ্টা পরিশ্রম করে ঐ কাজটি করবে? কাজের জন্য মোট ৫০০টি উপকরণ ব্যবহার করা হয়েছে এবং প্রতিটি উপকরণের দাম ২০ টাকা। এই কাজের মোট বাজেট ছিল ১০০০০০ টাকা। কাজের স্থান থেকে তাদের বাড়ির দূরত্ব ছিল ৫ কিমি।,২৫ জন লোক দৈনিক ৬ ঘণ্টা পরিশ্রম করে একটি কাজ ৮ দিনে শেষ করে। ১০ জন লোক দৈনিক কত ঘণ্টা পরিশ্রম করে ঐ কাজটি করবে? কাজের জন্য মোট ৫০০টি উপকরণ ব্যবহার করা হয়েছে এবং প্রতিটি উপকরণের দাম ২০ টাকা। এই কাজের মোট বাজেট ছিল ১০০০০০ টাকা। কাজের স্থান থেকে তাদের বাড়ির দূরত্ব ছিল ৫ কিমি। তারা প্রতিদিন সকাল ৯টায় কাজ শুরু করে।
একটি কাজ ২ জন পুরুষ অথবা ৩ জন বালক সম্পন্ন করতে পারে। ৯ জন বালক কতজন পুরুষের সমান কাজ করতে পারবে,৬ জন পুরুষ,একটি কাজ ২ জন পুরুষ অথবা ৩ জন বালক সম্পন্ন করতে পারে। ৯ জন বালক কতজন পুরুষের সমান কাজ করতে পারবে? এই কাজটি সম্পন্ন করতে মোট ২০০ শ্রমঘণ্টার প্রয়োজন।,একটি কাজ ২ জন পুরুষ অথবা ৩ জন বালক সম্পন্ন করতে পারে। ৯ জন বালক কতজন পুরুষের সমান কাজ করতে পারবে? এই কাজটি সম্পন্ন করতে মোট ২০০ শ্রমঘণ্টার প্রয়োজন। একজন পুরুষের দক্ষতা একজন বালকের চেয়ে ৫০% বেশি।,একটি কাজ ২ জন পুরুষ অথবা ৩ জন বালক সম্পন্ন করতে পারে। ৯ জন বালক কতজন পুরুষের সমান কাজ করতে পারবে? এই কাজটি সম্পন্ন করতে মোট ২০০ শ্রমঘণ্টার প্রয়োজন। একজন পুরুষের দক্ষতা একজন বালকের চেয়ে ৫০% বেশি। কাজটি শুরু করতে মোট ৫ দিন বিলম্ব হয়েছিল।,একটি কাজ ২ জন পুরুষ অথবা ৩ জন বালক সম্পন্ন করতে পারে। ৯ জন বালক কতজন পুরুষের সমান কাজ করতে পারবে? এই কাজটি সম্পন্ন করতে মোট ২০০ শ্রমঘণ্টার প্রয়োজন। একজন পুরুষের দক্ষতা একজন বালকের চেয়ে ৫০% বেশি। কাজটি শুরু করতে মোট ৫ দিন বিলম্ব হয়েছিল। কাজের জন্য মোট ২০টি সরঞ্জাম ব্যবহার করা হয়েছে।
একটি আয়তাকার বাগানের দৈর্ঘ্য প্রস্থের তিনগুণ এবং পরিসীমা ৪০০ মিটার হলে বাগানের দৈর্ঘ্য কত,১৫০ মিটার,একটি আয়তাকার বাগানের দৈর্ঘ্য প্রস্থের তিনগুণ এবং পরিসীমা ৪০০ মিটার হলে বাগানের দৈর্ঘ্য কত? এই বাগানের চারপাশে ৩০০টি গোলাপ গাছ লাগানো হয়েছে।,একটি আয়তাকার বাগানের দৈর্ঘ্য প্রস্থের তিনগুণ এবং পরিসীমা ৪০০ মিটার হলে বাগানের দৈর্ঘ্য কত? এই বাগানের চারপাশে ৩০০টি গোলাপ গাছ লাগানো হয়েছে। প্রতিটি গোলাপ গাছের উচ্চতা প্রায় ১.৫ মিটার।,একটি আয়তাকার বাগানের দৈর্ঘ্য প্রস্থের তিনগুণ এবং পরিসীমা ৪০০ মিটার হলে বাগানের দৈর্ঘ্য কত? এই বাগানের চারপাশে ৩০০টি গোলাপ গাছ লাগানো হয়েছে। প্রতিটি গোলাপ গাছের উচ্চতা প্রায় ১.৫ মিটার। বাগানটিতে মোট ১২টি বেঞ্চ স্থাপন করা হয়েছে।,একটি আয়তাকার বাগানের দৈর্ঘ্য প্রস্থের তিনগুণ এবং পরিসীমা ৪০০ মিটার হলে বাগানের দৈর্ঘ্য কত? এই বাগানের চারপাশে ৩০০টি গোলাপ গাছ লাগানো হয়েছে। প্রতিটি গোলাপ গাছের উচ্চতা প্রায় ১.৫ মিটার। বাগানটিতে মোট ১২টি বেঞ্চ স্থাপন করা হয়েছে। বাগানটির রক্ষণাবেক্ষণে প্রতি মাসে ২০০০ টাকা খরচ হয়।
একটি আয়তাকার বাগানের দৈর্ঘ্য ১৫০ মিটার ও প্রস্থ ৫০ মিটার হলে ক্ষেত্রফল কত,৭৫০০ বর্গমিটার,একটি আয়তাকার বাগানের দৈর্ঘ্য ১৫০ মিটার ও প্রস্থ ৫০ মিটার হলে ক্ষেত্রফল কত? বাগানের মাঝখানে ১০ মিটার ব্যাসের একটি গোলাকার পুকুর আছে।,একটি আয়তাকার বাগানের দৈর্ঘ্য ১৫০ মিটার ও প্রস্থ ৫০ মিটার হলে ক্ষেত্রফল কত? বাগানের মাঝখানে ১০ মিটার ব্যাসের একটি গোলাকার পুকুর আছে। পুকুরের চারপাশে ২০টি বেঞ্চ রয়েছে।,একটি আয়তাকার বাগানের দৈর্ঘ্য ১৫০ মিটার ও প্রস্থ ৫০ মিটার হলে ক্ষেত্রফল কত? বাগানের মাঝখানে ১০ মিটার ব্যাসের একটি গোলাকার পুকুর আছে। পুকুরের চারপাশে ২০টি বেঞ্চ রয়েছে। বাগানের মাঝখানে একটি ২৫ ফুট উঁচু টাওয়ারও আছে।,একটি আয়তাকার বাগানের দৈর্ঘ্য ১৫০ মিটার ও প্রস্থ ৫০ মিটার . বাগানের মাঝখানে ১০ মিটার ব্যাসের একটি গোলাকার পুকুর আছে। পুকুরের চারপাশে ২০টি বেঞ্চ রয়েছে। বাগানের মাঝখানে একটি ২৫ ফুট উঁচু টাওয়ারও আছে। পুকুরে প্রায় ৫০০টি মাছ আছে হলে ক্ষেত্রফল কত?
একটি জমির দৈর্ঘ্য ২০ মিটার ও প্রস্থ ১৫ মিটার হলে তার পরিসীমা কত,৭০ মিটার,একটি জমির দৈর্ঘ্য ২০ মিটার ও প্রস্থ ১৫ মিটার হলে তার পরিসীমা কত? এই জমিতে ৫০ কেজি বীজ বপন করা হয়েছিল।,একটি জমির দৈর্ঘ্য ২০ মিটার ও প্রস্থ ১৫ মিটার হলে তার পরিসীমা কত? এই জমিতে ৫০ কেজি বীজ বপন করা হয়েছিল। প্রতি কেজি বীজের দাম ছিল ২০০ টাকা।,একটি জমির দৈর্ঘ্য ২০ মিটার ও প্রস্থ ১৫ মিটার হলে তার পরিসীমা কত? এই জমিতে ৫০ কেজি বীজ বপন করা হয়েছিল। প্রতি কেজি বীজের দাম ছিল ২০০ টাকা। জমিটি কেনার জন্য মোট ৫০০০০০ টাকা খরচ হয়েছে।,একটি জমির দৈর্ঘ্য ২০ মিটার ও প্রস্থ ১৫ মিটার হলে এই জমিতে ৫০ কেজি বীজ বপন করা হয়েছিল। প্রতি কেজি বীজের দাম ছিল ২০০ টাকা। জমিটি কেনার জন্য মোট ৫০০০০০ টাকা খরচ হয়েছে। এই জমির উৎপাদিত ফসল থেকে বার্ষিক আয় ২৫০০০ টাকা। তার পরিসীমা কত?
জমির ভিতরে ২ মিটার চওড়া রাস্তা থাকলে রাস্তাবাদে জমির ক্ষেত্রফল কত,১৭৬ বর্গমিটার,জমির ভিতরে ২ মিটার চওড়া রাস্তা থাকলে রাস্তাবাদে জমির ক্ষেত্রফল কত? রাস্তাটি তৈরি করতে মোট ৩০০০০ টাকা খরচ হয়েছে।,জমির ভিতরে ২ মিটার চওড়া রাস্তা থাকলে রাস্তাবাদে জমির ক্ষেত্রফল কত? রাস্তাটি তৈরি করতে মোট ৩০০০০ টাকা খরচ হয়েছে। রাস্তাটি প্রতিদিন প্রায় ৫০০টি গাড়ির চলাচল নিয়ন্ত্রণ করে।,জমির ভিতরে ২ মিটার চওড়া রাস্তা থাকলে রাস্তাবাদে জমির ক্ষেত্রফল কত? রাস্তাটি তৈরি করতে মোট ৩০০০০ টাকা খরচ হয়েছে। রাস্তাটি প্রতিদিন প্রায় ৫০০টি গাড়ির চলাচল নিয়ন্ত্রণ করে। রাস্তাটি তৈরি করতে মোট ৭ দিন সময় লেগেছিল।,জমির ভিতরে ২ মিটার চওড়া রাস্তা থাকলে রাস্তাবাদে জমির ক্ষেত্রফল কত? রাস্তাটি তৈরি করতে মোট ৩০০০০ টাকা খরচ হয়েছে। রাস্তাটি প্রতিদিন প্রায় ৫০০টি গাড়ির চলাচল নিয়ন্ত্রণ করে। রাস্তাটি তৈরি করতে মোট ৭ দিন সময় লেগেছিল। রাস্তার দুই পাশে মোট ১০০টি গাছ লাগানো হয়েছে।
একটি ত্রিভুজের ভূমি ১০ মিটার ও উচ্চতা ৬ মিটার হলে ক্ষেত্রফল কত,৩০ বর্গ মিটার,একটি ত্রিভুজের ভূমি ১০ মিটার ও উচ্চতা ৬ মিটার হলে ক্ষেত্রফল কত? ত্রিভুজের তিনটি বাহুর যোগফল প্রায় ৩০ মিটার।,একটি ত্রিভুজের ভূমি ১০ মিটার ও উচ্চতা ৬ মিটার হলে ক্ষেত্রফল কত? ত্রিভুজের তিনটি বাহুর যোগফল প্রায় ৩০ মিটার। ত্রিভুজের প্রতিটি কোণ ৬০ ডিগ্রি।,একটি ত্রিভুজের ভূমি ১০ মিটার ও উচ্চতা ৬ মিটার হলে ক্ষেত্রফল কত? ত্রিভুজের তিনটি বাহুর যোগফল প্রায় ৩০ মিটার। ত্রিভুজের প্রতিটি কোণ ৬০ ডিগ্রি। এই ত্রিভুজটি একটি বড় ক্ষেত্রের ১০% অংশ দখল করে।,একটি ত্রিভুজের ভূমি ১০ মিটার ও উচ্চতা ৬ মিটার হলে ক্ষেত্রফল কত? ত্রিভুজের তিনটি বাহুর যোগফল প্রায় ৩০ মিটার। ত্রিভুজের প্রতিটি কোণ ৬০ ডিগ্রি। এই ত্রিভুজটি একটি বড় ক্ষেত্রের ১০% অংশ দখল করে। ত্রিভুজের একটি বাহু ১২ মিটার লম্বা।
এক খন্ড জমিতে ৫০০ কেজি ৭০০ গ্রাম আলু হলে ১১ খন্ড জমিতে কত আলু হবে,৫ মেট্রিক টন ৫০৭ কেজি ৭০০ গ্রাম,এক খন্ড জমিতে ৫০০ কেজি ৭০০ গ্রাম আলু হলে ১১ খন্ড জমিতে কত আলু হবে? প্রতি খন্ড জমিতে আলু চাষ করতে মোট ৫০০০০ টাকা খরচ হয়।,এক খন্ড জমিতে ৫০০ কেজি ৭০০ গ্রাম আলু হলে ১১ খন্ড জমিতে কত আলু হবে? প্রতি খন্ড জমিতে আলু চাষ করতে মোট ৫০০০০ টাকা খরচ হয়। প্রতিটি খন্ড জমির আয়তন ২ একর।,এক খন্ড জমিতে ৫০০ কেজি ৭০০ গ্রাম আলু হলে ১১ খন্ড জমিতে কত আলু হবে? প্রতি খন্ড জমিতে আলু চাষ করতে মোট ৫০০০০ টাকা খরচ হয়। প্রতিটি খন্ড জমির আয়তন ২ একর। এই জমিতে মোট ৩৫০টি সারির মধ্যে আলু রোপণ করা হয়েছে।,এক খন্ড জমিতে ৫০০ কেজি ৭০০ গ্রাম আলু হলে ১১ খন্ড জমিতে কত আলু হবে? প্রতি খন্ড জমিতে আলু চাষ করতে মোট ৫০০০০ টাকা খরচ হয়। প্রতিটি খন্ড জমির আয়তন ২ একর। এই জমিতে মোট ৩৫০টি সারির মধ্যে আলু রোপণ করা হয়েছে। প্রতিটি সারি ১৫ মিটার লম্বা ছিল।
১৬ একর জমিতে ২৮ মেট্রিক টন ধান হলে প্রতি একর জমিতে কী পরিমাণ ধান ফলে,১ মেট্রিক টন ৭৫০ কেজি,১৬ একর জমিতে ২৮ মেট্রিক টন ধান হলে প্রতি একর জমিতে কী পরিমাণ ধান ফলে? প্রতি মেট্রিক টন ধান বিক্রি করে প্রায় ২০০০০ টাকা আয় হয়।,১৬ একর জমিতে ২৮ মেট্রিক টন ধান হলে প্রতি একর জমিতে কী পরিমাণ ধান ফলে? প্রতি মেট্রিক টন ধান বিক্রি করে প্রায় ২০০০০ টাকা আয় হয়। এই জমিতে গত বছর ১৮ মেট্রিক টন ধান উৎপন্ন হয়েছিল।,১৬ একর জমিতে ২৮ মেট্রিক টন ধান হলে প্রতি একর জমিতে কী পরিমাণ ধান ফলে? প্রতি মেট্রিক টন ধান বিক্রি করে প্রায় ২০০০০ টাকা আয় হয়। এই জমিতে গত বছর ১৮ মেট্রিক টন ধান উৎপন্ন হয়েছিল। জমিতে মোট ৫০ জন শ্রমিক কাজ করে।,১৬ একর জমিতে ২৮ মেট্রিক টন ধান হলে প্রতি একর জমিতে কী পরিমাণ ধান ফলে? প্রতি মেট্রিক টন ধান বিক্রি করে প্রায় ২০০০০ টাকা আয় হয়। এই জমিতে গত বছর ১৮ মেট্রিক টন ধান উৎপন্ন হয়েছিল। জমিতে মোট ৫০ জন শ্রমিক কাজ করে। ধান কাটার জন্য ৭টি যন্ত্র ব্যবহার করা হয়।
এক মাসে ২০০০০ মেট্রিক টন রড তৈরি হলে দৈনিক কী পরিমাণ রড তৈরি হয়,৬৬৬ মেট্রিক টন ৬৬৬ কেজি ৬৬৬ গ্রাম (প্রায়),এক মাসে ২০০০০ মেট্রিক টন রড তৈরি হলে দৈনিক কী পরিমাণ রড তৈরি হয়? একটি রড তৈরির কারখানায় ৫০০ জন শ্রমিক কাজ করে।,এক মাসে ২০০০০ মেট্রিক টন রড তৈরি হলে দৈনিক কী পরিমাণ রড তৈরি হয়? একটি রড তৈরির কারখানায় ৫০০ জন শ্রমিক কাজ করে। কারখানাটি বছরে ৩০০ দিন চলে।,এক মাসে ২০০০০ মেট্রিক টন রড তৈরি হলে দৈনিক কী পরিমাণ রড তৈরি হয়? একটি রড তৈরির কারখানায় ৫০০ জন শ্রমিক কাজ করে। কারখানাটি বছরে ৩০০ দিন চলে। প্রতিটি রড ৫০০ কিলোগ্রাম ওজনের।,এক মাসে ২০০০০ মেট্রিক টন রড তৈরি হলে দৈনিক কী পরিমাণ রড তৈরি হয়? একটি রড তৈরির কারখানায় ৫০০ জন শ্রমিক কাজ করে। কারখানাটি বছরে ৩০০ দিন চলে। প্রতিটি রড ৫০০ কিলোগ্রাম ওজনের। কারখানার প্রতিদিনের বিদ্যুৎ খরচ প্রায় ১০০০০০ টাকা।
একটি আয়তাকার বাগানের দৈর্ঘ্য ৬০ মিটার ও প্রস্থ ৪০ মিটার। এর ভিতরে ২ মিটার চওড়া রাস্তা থাকলে রাস্তার ক্ষেত্রফল কত,৩৮৪ বর্গ মিটার,একটি আয়তাকার বাগানের দৈর্ঘ্য ৬০ মিটার ও প্রস্থ ৪০ মিটার। এর ভিতরে ২ মিটার চওড়া রাস্তা থাকলে রাস্তার ক্ষেত্রফল কত? বাগানে মোট ২০টি ফলের গাছ আছে।,একটি আয়তাকার বাগানের দৈর্ঘ্য ৬০ মিটার ও প্রস্থ ৪০ মিটার। এর ভিতরে ২ মিটার চওড়া রাস্তা থাকলে রাস্তার ক্ষেত্রফল কত? বাগানে মোট ২০টি ফলের গাছ আছে। প্রতিটি গাছের গড় উচ্চতা ৮ মিটার।,একটি আয়তাকার বাগানের দৈর্ঘ্য ৬০ মিটার ও প্রস্থ ৪০ মিটার। এর ভিতরে ২ মিটার চওড়া রাস্তা থাকলে রাস্তার ক্ষেত্রফল কত? বাগানে মোট ২০টি ফলের গাছ আছে। প্রতিটি গাছের গড় উচ্চতা ৮ মিটার। বাগানটি তৈরি করতে মোট ১০০০ ঘন্টা সময় লেগেছিল।,একটি আয়তাকার বাগানের দৈর্ঘ্য ৬০ মিটার ও প্রস্থ ৪০ মিটার। এর ভিতরে ২ মিটার চওড়া রাস্তা থাকলে রাস্তার ক্ষেত্রফল কত? বাগানে মোট ২০টি ফলের গাছ আছে। প্রতিটি গাছের গড় উচ্চতা ৮ মিটার। বাগানটি তৈরি করতে মোট ১০০০ ঘন্টা সময় লেগেছিল। বাগানটির চারপাশের বেড়ার উচ্চতা ছিল ২ মিটার।
একটি ঘরের মেঝে কার্পেট দিয়ে মুড়তে প্রতি বর্গমিটারে ৭.৫০ টাকা দরে ১১০২.৫০ টাকা খরচ হলে ঘরের ক্ষেত্রফল কত,১৪৭ বর্গমিটার,একটি ঘরের মেঝে কার্পেট দিয়ে মুড়তে প্রতি বর্গমিটারে ৭.৫০ টাকা দরে ১১০২.৫০ টাকা খরচ হলে ঘরের ক্ষেত্রফল কত? কার্পেটটি কিনতে মোট ৫০০ টাকার একটি নোট দেওয়া হয়েছিল।,একটি ঘরের মেঝে কার্পেট দিয়ে মুড়তে প্রতি বর্গমিটারে ৭.৫০ টাকা দরে ১১০২.৫০ টাকা খরচ হলে ঘরের ক্ষেত্রফল কত? কার্পেটটি কিনতে মোট ৫০০ টাকার একটি নোট দেওয়া হয়েছিল। ঘরটিতে ৪টি জানালা আছে।,একটি ঘরের মেঝে কার্পেট দিয়ে মুড়তে প্রতি বর্গমিটারে ৭.৫০ টাকা দরে ১১০২.৫০ টাকা খরচ হলে ঘরের ক্ষেত্রফল কত? কার্পেটটি কিনতে মোট ৫০০ টাকার একটি নোট দেওয়া হয়েছিল। ঘরটিতে ৪টি জানালা আছে। প্রতিটি জানালার দৈর্ঘ্য ১.৫ মিটার।,একটি ঘরের মেঝে কার্পেট দিয়ে মুড়তে প্রতি বর্গমিটারে ৭.৫০ টাকা দরে ১১০২.৫০ টাকা খরচ হলে ঘরের ক্ষেত্রফল কত? কার্পেটটি কিনতে মোট ৫০০ টাকার একটি নোট দেওয়া হয়েছিল। ঘরটিতে ৪টি জানালা আছে। প্রতিটি জানালার দৈর্ঘ্য ১.৫ মিটার। ঘরটির সিলিংয়ের উচ্চতা ৩ মিটার।
একটি ঘরের দৈর্ঘ্য প্রস্থের তিনগুণ এবং ক্ষেত্রফল ১৪৭ বর্গমিটার হলে ঘরটির দৈর্ঘ্য কত,২১ মিটার,একটি ঘরের দৈর্ঘ্য প্রস্থের তিনগুণ এবং ক্ষেত্রফল ১৪৭ বর্গমিটার হলে ঘরটির দৈর্ঘ্য কত? এই ঘরটিতে তিনটি জানালা এবং দুটি দরজা আছে।,একটি ঘরের দৈর্ঘ্য প্রস্থের তিনগুণ এবং ক্ষেত্রফল ১৪৭ বর্গমিটার হলে ঘরটির দৈর্ঘ্য কত? এই ঘরটিতে তিনটি জানালা এবং দুটি দরজা আছে। প্রতিটি দরজার উচ্চতা ২ মিটার।,একটি ঘরের দৈর্ঘ্য প্রস্থের তিনগুণ এবং ক্ষেত্রফল ১৪৭ বর্গমিটার হলে ঘরটির দৈর্ঘ্য কত? এই ঘরটিতে তিনটি জানালা এবং দুটি দরজা আছে। প্রতিটি দরজার উচ্চতা ২ মিটার। ঘরটি তৈরি করতে মোট ৩০০ শ্রমিক দিন কাজ করেছেন।,একটি ঘরের দৈর্ঘ্য প্রস্থের তিনগুণ এবং ক্ষেত্রফল ১৪৭ বর্গমিটার হলে ঘরটির দৈর্ঘ্য কত? এই ঘরটিতে তিনটি জানালা এবং দুটি দরজা আছে। প্রতিটি দরজার উচ্চতা ২ মিটার। ঘরটি তৈরি করতে মোট ৩০০ শ্রমিক দিন কাজ করেছেন। ঘরটি তৈরি করতে মোট ১ লক্ষ ইঁট ব্যবহার করা হয়েছে।
একটি আয়তাকার বাগানের দৈর্ঘ্য ৫০ মি ও প্রস্থ ৩০ মি। এর ভিতরে ৩ মিটার চওড়া রাস্তা থাকলে রাস্তার ক্ষেত্রফল কত,৪৪৪ বর্গমিটার,একটি আয়তাকার বাগানের দৈর্ঘ্য ৫০ মি ও প্রস্থ ৩০ মি। এর ভিতরে ৩ মিটার চওড়া রাস্তা থাকলে রাস্তার ক্ষেত্রফল কত? এই বাগানের জন্য প্রতিদিন ১০ লিটার জল প্রয়োজন।,একটি আয়তাকার বাগানের দৈর্ঘ্য ৫০ মি ও প্রস্থ ৩০ মি। এর ভিতরে ৩ মিটার চওড়া রাস্তা থাকলে রাস্তার ক্ষেত্রফল কত? এই বাগানের জন্য প্রতিদিন ১০ লিটার জল প্রয়োজন। বাগানে মোট ৫০টি বিভিন্ন ধরনের উদ্ভিদ আছে।,একটি আয়তাকার বাগানের দৈর্ঘ্য ৫০ মি ও প্রস্থ ৩০ মি। এর ভিতরে ৩ মিটার চওড়া রাস্তা থাকলে রাস্তার ক্ষেত্রফল কত? এই বাগানের জন্য প্রতিদিন ১০ লিটার জল প্রয়োজন। বাগানে মোট ৫০টি বিভিন্ন ধরনের উদ্ভিদ আছে। বাগানটি তৈরি করতে মোট ১৫০০০০ টাকা খরচ হয়েছিল।,একটি আয়তাকার বাগানের দৈর্ঘ্য ৫০ মি ও প্রস্থ ৩০ মি। এর ভিতরে ৩ মিটার চওড়া রাস্তা থাকলে রাস্তার ক্ষেত্রফল কত? এই বাগানের জন্য প্রতিদিন ১০ লিটার জল প্রয়োজন। বাগানে মোট ৫০টি বিভিন্ন ধরনের উদ্ভিদ আছে। বাগানটি তৈরি করতে মোট ১৫০০০০ টাকা খরচ হয়েছিল। বাগানে মোট ২০টি ফুলের টব আছে।
রাস্তাবাদে বাগানের পরিসীমায় বেড়া দিতে প্রতি মিটারে ২৫ টাকা হিসেবে মোট কত খরচ হবে যদি রাস্তাবাদে বাগানের দৈর্ঘ্য ৪৪ মি ও প্রস্থ ২৪ মি হয়,৩৪০০ টাকা,রাস্তাবাদে বাগানের পরিসীমায় বেড়া দিতে প্রতি মিটারে ২৫ টাকা হিসেবে মোট কত খরচ হবে যদি রাস্তাবাদে বাগানের দৈর্ঘ্য ৪৪ মি ও প্রস্থ ২৪ মি হয়? বেড়াটি ৫ বছর স্থায়ী হবে বলে আশা করা যায়।,রাস্তাবাদে বাগানের পরিসীমায় বেড়া দিতে প্রতি মিটারে ২৫ টাকা হিসেবে মোট কত খরচ হবে যদি রাস্তাবাদে বাগানের দৈর্ঘ্য ৪৪ মি ও প্রস্থ ২৪ মি হয়? বেড়াটি ৫ বছর স্থায়ী হবে বলে আশা করা যায়। বেড়াটি তৈরি করতে মোট ১২০০টি পেরেক ব্যবহার করা হয়েছে।,রাস্তাবাদে বাগানের পরিসীমায় বেড়া দিতে প্রতি মিটারে ২৫ টাকা হিসেবে মোট কত খরচ হবে যদি রাস্তাবাদে বাগানের দৈর্ঘ্য ৪৪ মি ও প্রস্থ ২৪ মি হয়? বেড়াটি ৫ বছর স্থায়ী হবে বলে আশা করা যায়। বেড়াটি তৈরি করতে মোট ১২০০টি পেরেক ব্যবহার করা হয়েছে। প্রতিটি পেরেকের দাম ২ টাকা।,রাস্তাবাদে বাগানের পরিসীমায় বেড়া দিতে প্রতি মিটারে ২৫ টাকা হিসেবে মোট কত খরচ হবে যদি রাস্তাবাদে বাগানের দৈর্ঘ্য ৪৪ মি ও প্রস্থ ২৪ মি হয়? বেড়াটি ৫ বছর স্থায়ী হবে বলে আশা করা যায়। বেড়াটি তৈরি করতে মোট ১২০০টি পেরেক ব্যবহার করা হয়েছে। প্রতিটি পেরেকের দাম ২ টাকা। বেড়ার উচ্চতা ছিল ১.৫ মিটার।
একটি বাগানের বাইরে ২.৫ মিটার চওড়া রাস্তা থাকলে রাস্তার ক্ষেত্রফল কত যদি বাগানের দৈর্ঘ্য ৫০ মি ও প্রস্থ ৩৫ মি হয়,৪৫০ বর্গমিটার,একটি বাগানের বাইরে ২.৫ মিটার চওড়া রাস্তা থাকলে রাস্তার ক্ষেত্রফল কত যদি বাগানের দৈর্ঘ্য ৫০ মি ও প্রস্থ ৩৫ মি হয়? এই রাস্তার উপর দিয়ে প্রতিদিন প্রায় ১০০ জন মানুষ হেঁটে যায়।,একটি বাগানের বাইরে ২.৫ মিটার চওড়া রাস্তা থাকলে রাস্তার ক্ষেত্রফল কত যদি বাগানের দৈর্ঘ্য ৫০ মি ও প্রস্থ ৩৫ মি হয়? এই রাস্তার উপর দিয়ে প্রতিদিন প্রায় ১০০ জন মানুষ হেঁটে যায়। রাস্তাটি মোট ৭ দিনে তৈরি করা হয়েছিল।,একটি বাগানের বাইরে ২.৫ মিটার চওড়া রাস্তা থাকলে রাস্তার ক্ষেত্রফল কত যদি বাগানের দৈর্ঘ্য ৫০ মি ও প্রস্থ ৩৫ মি হয়? এই রাস্তার উপর দিয়ে প্রতিদিন প্রায় ১০০ জন মানুষ হেঁটে যায়। রাস্তাটি মোট ৭ দিনে তৈরি করা হয়েছিল। রাস্তার নির্মাণে মোট ২০০০০০ টাকা খরচ হয়েছে।,একটি বাগানের বাইরে ২.৫ মিটার চওড়া রাস্তা থাকলে রাস্তার ক্ষেত্রফল কত যদি বাগানের দৈর্ঘ্য ৫০ মি ও প্রস্থ ৩৫ মি হয়? এই রাস্তার উপর দিয়ে প্রতিদিন প্রায় ১০০ জন মানুষ হেঁটে যায়। রাস্তাটি মোট ৭ দিনে তৈরি করা হয়েছিল। রাস্তার নির্মাণে মোট ২০০০০০ টাকা খরচ হয়েছে। রাস্তাটি তৈরি করতে ৫ জন শ্রমিক কাজ করেছিল।
রাস্তাসহ বাগানের পরিসীমা ১৯০ মিটার হলে সমান পরিসীমা বিশিষ্ট বর্গাকার মাঠের ক্ষেত্রফল কত,২২৫৬.২৫ বর্গমিটার,রাস্তাসহ বাগানের পরিসীমা ১৯০ মিটার হলে সমান পরিসীমা বিশিষ্ট বর্গাকার মাঠের ক্ষেত্রফল কত? মাঠের মাঝখানে ২০ মিটার ব্যাসের একটি ফলের বাগান রয়েছে।,রাস্তাসহ বাগানের পরিসীমা ১৯০ মিটার হলে সমান পরিসীমা বিশিষ্ট বর্গাকার মাঠের ক্ষেত্রফল কত? মাঠের মাঝখানে ২০ মিটার ব্যাসের একটি ফলের বাগান রয়েছে। মাঠের এক কোণে একটি ৩০ মিটার উঁচু পতাকা রয়েছে।,রাস্তাসহ বাগানের পরিসীমা ১৯০ মিটার হলে সমান পরিসীমা বিশিষ্ট বর্গাকার মাঠের ক্ষেত্রফল কত? মাঠের মাঝখানে ২০ মিটার ব্যাসের একটি ফলের বাগান রয়েছে। মাঠের এক কোণে একটি ৩০ মিটার উঁচু পতাকা রয়েছে। মাঠটি প্রতিদিন ৫০০ জন খেলোয়াড় ব্যবহার করে।,রাস্তাসহ বাগানের পরিসীমা ১৯০ মিটার হলে সমান পরিসীমা বিশিষ্ট বর্গাকার মাঠের ক্ষেত্রফল কত? মাঠের মাঝখানে ২০ মিটার ব্যাসের একটি ফলের বাগান রয়েছে। মাঠের এক কোণে একটি ৩০ মিটার উঁচু পতাকা রয়েছে। মাঠটি প্রতিদিন ৫০০ জন খেলোয়াড় ব্যবহার করে। মাঠের চারপাশে ৮টি বসার জায়গা আছে।
একটি সামান্তরিকের ভূমি ৯০ গজ ও উচ্চতা ৫০ গজ হলে তার ক্ষেত্রফল কত,৪৫০০ বর্গগজ,একটি সামান্তরিকের ভূমি ৯০ গজ ও উচ্চতা ৫০ গজ হলে তার ক্ষেত্রফল কত? সামান্তরিকের একটি কোণের পরিমাপ ১২০ ডিগ্রি।,একটি সামান্তরিকের ভূমি ৯০ গজ ও উচ্চতা ৫০ গজ হলে তার ক্ষেত্রফল কত? সামান্তরিকের একটি কোণের পরিমাপ ১২০ ডিগ্রি। সামান্তরিকের বিপরীত বাহুগুলো ৪০ গজ দীর্ঘ।,একটি সামান্তরিকের ভূমি ৯০ গজ ও উচ্চতা ৫০ গজ হলে তার ক্ষেত্রফল কত? সামান্তরিকের একটি কোণের পরিমাপ ১২০ ডিগ্রি। সামান্তরিকের বিপরীত বাহুগুলো ৪০ গজ দীর্ঘ। সামান্তরিকটির পরিসীমা প্রায় ২৬০ গজ।,একটি সামান্তরিকের ভূমি ৯০ গজ ও উচ্চতা ৫০ গজ হলে তার ক্ষেত্রফল কত? সামান্তরিকের একটি কোণের পরিমাপ ১২০ ডিগ্রি। সামান্তরিকের বিপরীত বাহুগুলো ৪০ গজ দীর্ঘ। সামান্তরিকটির পরিসীমা প্রায় ২৬০ গজ। এর কর্ণদ্বয়ের দৈর্ঘ্য যথাক্রমে ৭০ গজ ও ৬০ গজ।
সামান্তরিকের মেঝে পাথর দ্বারা ঢাকতে কতটি পাথর লাগবে যদি মেঝের ক্ষেত্রফল ৪৫০০ বর্গগজ ও পাথরের ক্ষেত্রফল ৪ বর্গগজ হয়,১১২৫টি,সামান্তরিকের মেঝে পাথর দ্বারা ঢাকতে কতটি পাথর লাগবে যদি মেঝের ক্ষেত্রফল ৪৫০০ বর্গগজ ও পাথরের ক্ষেত্রফল ৪ বর্গগজ হয়? পাথরগুলো কিনতে মোট ৫০০০০ টাকা খরচ হয়েছে।,সামান্তরিকের মেঝে পাথর দ্বারা ঢাকতে কতটি পাথর লাগবে যদি মেঝের ক্ষেত্রফল ৪৫০০ বর্গগজ ও পাথরের ক্ষেত্রফল ৪ বর্গগজ হয়? পাথরগুলো কিনতে মোট ৫০০০০ টাকা খরচ হয়েছে। প্রতিটি পাথরের ওজন ২ কিলোগ্রাম।,সামান্তরিকের মেঝে পাথর দ্বারা ঢাকতে কতটি পাথর লাগবে যদি মেঝের ক্ষেত্রফল ৪৫০০ বর্গগজ ও পাথরের ক্ষেত্রফল ৪ বর্গগজ হয়? পাথরগুলো কিনতে মোট ৫০০০০ টাকা খরচ হয়েছে। প্রতিটি পাথরের ওজন ২ কিলোগ্রাম। মেঝের কাজটি সম্পন্ন করতে ৮ জন শ্রমিক কাজ করেছিল।,সামান্তরিকের মেঝে পাথর দ্বারা ঢাকতে কতটি পাথর লাগবে যদি মেঝের ক্ষেত্রফল ৪৫০০ বর্গগজ ও পাথরের ক্ষেত্রফল ৪ বর্গগজ হয়? পাথরগুলো কিনতে মোট ৫০০০০ টাকা খরচ হয়েছে। প্রতিটি পাথরের ওজন ২ কিলোগ্রাম। মেঝের কাজটি সম্পন্ন করতে ৮ জন শ্রমিক কাজ করেছিল। কাজটি শেষ করতে তাদের ১৫ দিন সময় লেগেছিল।
একটি বাগানের পরিসীমা ১২০ মিটার হলে চারদিকে বেড়া দিতে কত খরচ হবে যদি প্রতি মিটারে খরচ ৩১/৪ টাকা হয়,৯৩০ টাকা,একটি বাগানের পরিসীমা ১২০ মিটার হলে চারদিকে বেড়া দিতে কত খরচ হবে যদি প্রতি মিটারে খরচ ৩১/৪ টাকা হয়? বেড়াটি তৈরি করতে মোট ২৫টি খুঁটি ব্যবহার করা হবে।,একটি বাগানের পরিসীমা ১২০ মিটার হলে চারদিকে বেড়া দিতে কত খরচ হবে যদি প্রতি মিটারে খরচ ৩১/৪ টাকা হয়? বেড়াটি তৈরি করতে মোট ২৫টি খুঁটি ব্যবহার করা হবে। খুঁটিগুলো ১০ ফুট লম্বা।,একটি বাগানের পরিসীমা ১২০ মিটার হলে চারদিকে বেড়া দিতে কত খরচ হবে যদি প্রতি মিটারে খরচ ৩১/৪ টাকা হয়? বেড়াটি তৈরি করতে মোট ২৫টি খুঁটি ব্যবহার করা হবে। খুঁটিগুলো ১০ ফুট লম্বা। বেড়াটি তৈরি করতে মোট ২ দিন সময় লেগেছিল।,একটি বাগানের পরিসীমা ১২০ মিটার হলে চারদিকে বেড়া দিতে কত খরচ হবে যদি প্রতি মিটারে খরচ ৩১/৪ টাকা হয়? বেড়াটি তৈরি করতে মোট ২৫টি খুঁটি ব্যবহার করা হবে। খুঁটিগুলো ১০ ফুট লম্বা। বেড়াটি তৈরি করতে মোট ২ দিন সময় লেগেছিল। বেড়ার তারের মোট দৈর্ঘ্য ছিল ১৫০ মিটার।
৬০ মিটার দীর্ঘ আয়তাকার বাগানের দৈর্ঘ্য প্রস্থের ৩ গুণ হলে প্রস্থ কত,২০ মিটার,৬০ মিটার দীর্ঘ আয়তাকার বাগানের দৈর্ঘ্য প্রস্থের ৩ গুণ হলে প্রস্থ কত? এই বাগানের পরিচর্যার জন্য প্রতি মাসে ৫০০ টাকা খরচ হয়।,৬০ মিটার দীর্ঘ আয়তাকার বাগানের দৈর্ঘ্য প্রস্থের ৩ গুণ হলে প্রস্থ কত? এই বাগানের পরিচর্যার জন্য প্রতি মাসে ৫০০ টাকা খরচ হয়। বাগানটিতে মোট ৫০টি গাছের চারা রোপণ করা হয়েছে।,৬০ মিটার দীর্ঘ আয়তাকার বাগানের দৈর্ঘ্য প্রস্থের ৩ গুণ হলে প্রস্থ কত? এই বাগানের পরিচর্যার জন্য প্রতি মাসে ৫০০ টাকা খরচ হয়। বাগানটিতে মোট ৫০টি গাছের চারা রোপণ করা হয়েছে। প্রতিটি চারা কিনতে ১০০ টাকা খরচ হয়েছে।,৬০ মিটার দীর্ঘ আয়তাকার বাগানের দৈর্ঘ্য প্রস্থের ৩ গুণ হলে প্রস্থ কত? এই বাগানের পরিচর্যার জন্য প্রতি মাসে ৫০০ টাকা খরচ হয়। বাগানটিতে মোট ৫০টি গাছের চারা রোপণ করা হয়েছে। প্রতিটি চারা কিনতে ১০০ টাকা খরচ হয়েছে। বাগানে প্রতিদিন সকাল ১০টা থেকে বিকাল ৫টা পর্যন্ত কাজ করা হয়।
একটি বর্গক্ষেত্রের পরিসীমা ১৬০ মিটার হলে তার ক্ষেত্রফল কত,১৬০০ বর্গমিটার,একটি বর্গক্ষেত্রের পরিসীমা ১৬০ মিটার হলে তার ক্ষেত্রফল কত? বর্গক্ষেত্রের প্রতি পাশে ১০টি করে গাছ লাগানো হয়েছে।,একটি বর্গক্ষেত্রের পরিসীমা ১৬০ মিটার হলে তার ক্ষেত্রফল কত? বর্গক্ষেত্রের প্রতি পাশে ১০টি করে গাছ লাগানো হয়েছে। বর্গক্ষেত্রটির প্রতিটি বাহুর দৈর্ঘ্য ৪০ মিটার।,একটি বর্গক্ষেত্রের পরিসীমা ১৬০ মিটার হলে তার ক্ষেত্রফল কত? বর্গক্ষেত্রের প্রতি পাশে ১০টি করে গাছ লাগানো হয়েছে। বর্গক্ষেত্রটির প্রতিটি বাহুর দৈর্ঘ্য ৪০ মিটার। বর্গক্ষেত্রের মাঝখানে একটি ২০ মিটার উঁচু ফোয়ারা রয়েছে।,একটি বর্গক্ষেত্রের পরিসীমা ১৬০ মিটার হলে তার ক্ষেত্রফল কত? বর্গক্ষেত্রের প্রতি পাশে ১০টি করে গাছ লাগানো হয়েছে। বর্গক্ষেত্রটির প্রতিটি বাহুর দৈর্ঘ্য ৪০ মিটার। বর্গক্ষেত্রের মাঝখানে একটি ২০ মিটার উঁচু ফোয়ারা রয়েছে। ফোয়ারাটি প্রতিদিন ৫০০০ লিটার জল ব্যবহার করে।
"২ বছর পর জীবনের বয়স হবে, ২ বছর পূর্বে জীবনের বয়স যা ছিল তার দ্বিগুণ। ৩ বছর পর জীবনের বয়স যদি ৩ বছর পূর্বে জীবনের বয়সের সমান হয়, তবে কার বয়স বেশি, জীবনের নাকি জুলির?",দুইজনের বয়স সমান,"২ বছর পর জীবনের বয়স হবে, ২ বছর পূর্বে জীবনের বয়স যা ছিল তার দ্বিগুণ। ৩ বছর পর জীবনের বয়স যদি ৩ বছর পূর্বে জীবনের বয়সের সমান হয়, তবে কার বয়স বেশি, জীবনের নাকি জুলির? তাদের পরিবারের মোট সদস্য সংখ্যা ৫ জন।","২ বছর পর জীবনের বয়স হবে, ২ বছর পূর্বে জীবনের বয়স যা ছিল তার দ্বিগুণ। ৩ বছর পর জীবনের বয়স যদি ৩ বছর পূর্বে জীবনের বয়সের সমান হয়, তবে কার বয়স বেশি, জীবনের নাকি জুলির? তাদের পরিবারের মোট সদস্য সংখ্যা ৫ জন। জীবন প্রতিদিন ২ ঘণ্টা খেলাধুলা করে।","২ বছর পর জীবনের বয়স হবে, ২ বছর পূর্বে জীবনের বয়স যা ছিল তার দ্বিগুণ। ৩ বছর পর জীবনের বয়স যদি ৩ বছর পূর্বে জীবনের বয়সের সমান হয়, তবে কার বয়স বেশি, জীবনের নাকি জুলির? তাদের পরিবারের মোট সদস্য সংখ্যা ৫ জন। জীবন প্রতিদিন ২ ঘণ্টা খেলাধুলা করে। তার বার্ষিক পরীক্ষার নম্বর ছিল ৮৫।","২ বছর পর জীবনের বয়স হবে, ২ বছর পূর্বে জীবনের বয়স যা ছিল তার দ্বিগুণ। ৩ বছর পর জীবনের বয়স যদি ৩ বছর পূর্বে জীবনের বয়সের সমান হয়, তবে কার বয়স বেশি, জীবনের নাকি জুলির? তাদের পরিবারের মোট সদস্য সংখ্যা ৫ জন। জীবন প্রতিদিন ২ ঘণ্টা খেলাধুলা করে। তার বার্ষিক পরীক্ষার নম্বর ছিল ৮৫। তার উচ্চতা ৫ ফুট ২ ইঞ্চি।"
৫টি আপেলকে ৬ জন বালকের মাঝে সমানভাবে ভাগ করে দিতে হবে। কিভাবে? (বি: দ্র: প্রয়োজন হলে আপেলকে সর্বোচ্চ সমান ৩ টুকরাতে কাটা যাবে।),প্রতেকে পাবে ৫/৬ আপেল।অর্থাৎ ১টি আপেলের অর্ধেক +১টি আপেলের ১/৩ ভাগ।,৫টি আপেলকে ৬ জন বালকের মাঝে সমানভাবে ভাগ করে দিতে হবে। কিভাবে? (বি: দ্র: প্রয়োজন হলে আপেলকে সর্বোচ্চ সমান ৩ টুকরাতে কাটা যাবে।) আপেলগুলো কেনার জন্য মোট ২০০ টাকা খরচ হয়েছিল।,৫টি আপেলকে ৬ জন বালকের মাঝে সমানভাবে ভাগ করে দিতে হবে। কিভাবে? (বি: দ্র: প্রয়োজন হলে আপেলকে সর্বোচ্চ সমান ৩ টুকরাতে কাটা যাবে।) আপেলগুলো কেনার জন্য মোট ২০০ টাকা খরচ হয়েছিল। প্রতিটি আপেলের ওজন ছিল প্রায় ১৫০ গ্রাম।,৫টি আপেলকে ৬ জন বালকের মাঝে সমানভাবে ভাগ করে দিতে হবে। কিভাবে? (বি: দ্র: প্রয়োজন হলে আপেলকে সর্বোচ্চ সমান ৩ টুকরাতে কাটা যাবে।) আপেলগুলো কেনার জন্য মোট ২০০ টাকা খরচ হয়েছিল। প্রতিটি আপেলের ওজন ছিল প্রায় ১৫০ গ্রাম। আপেলগুলো একটি ১০ লিটারের ঝুড়িতে রাখা হয়েছিল।,৫টি আপেলকে ৬ জন বালকের মাঝে সমানভাবে ভাগ করে দিতে হবে। কিভাবে? (বি: দ্র: প্রয়োজন হলে আপেলকে সর্বোচ্চ সমান ৩ টুকরাতে কাটা যাবে।) আপেলগুলো কেনার জন্য মোট ২০০ টাকা খরচ হয়েছিল। প্রতিটি আপেলের ওজন ছিল প্রায় ১৫০ গ্রাম। আপেলগুলো একটি ১০ লিটারের ঝুড়িতে রাখা হয়েছিল। প্রতিটি বালকের বয়স ছিল ৮ বছর।
৪টি কাঁঠাল এবং ৫টি তরমুজের ওজনের সমষ্টি ৩২কিলোগ্রাম। ৫টি কাঠাল এবং ৪টি তরমুজের ওজনের সমষ্টি ৩১ কিলোগ্রাম। উপরের সব কাঠালের ওজন সমান এবং সব তরমুজের ওজন সমান । ১ কাঠাল ও ১ তরমুজের ওজন কত?,"কাঠালের ওজন ৩ কিলোগ্রাম , তরমুজের ওজন ৪ কিলোগ্রাম",৪টি কাঁঠাল এবং ৫টি তরমুজের ওজনের সমষ্টি ৩২কিলোগ্রাম। ৫টি কাঠাল এবং ৪টি তরমুজের ওজনের সমষ্টি ৩১ কিলোগ্রাম। উপরের সব কাঠালের ওজন সমান এবং সব তরমুজের ওজন সমান । ১ কাঠাল ও ১ তরমুজের ওজন কত? ফলগুলো মোট ৪০ জন মানুষের জন্য কেনা হয়েছিল।,৪টি কাঁঠাল এবং ৫টি তরমুজের ওজনের সমষ্টি ৩২কিলোগ্রাম। ৫টি কাঠাল এবং ৪টি তরমুজের ওজনের সমষ্টি ৩১ কিলোগ্রাম। উপরের সব কাঠালের ওজন সমান এবং সব তরমুজের ওজন সমান । ১ কাঠাল ও ১ তরমুজের ওজন কত? ফলগুলো মোট ৪০ জন মানুষের জন্য কেনা হয়েছিল। এই ফলগুলো কিনতে মোট ৫০০ টাকা খরচ হয়েছে।,৪টি কাঁঠাল এবং ৫টি তরমুজের ওজনের সমষ্টি ৩২কিলোগ্রাম। ৫টি কাঠাল এবং ৪টি তরমুজের ওজনের সমষ্টি ৩১ কিলোগ্রাম। উপরের সব কাঠালের ওজন সমান এবং সব তরমুজের ওজন সমান । ১ কাঠাল ও ১ তরমুজের ওজন কত? ফলগুলো মোট ৪০ জন মানুষের জন্য কেনা হয়েছিল। এই ফলগুলো কিনতে মোট ৫০০ টাকা খরচ হয়েছে। প্রতিটি তরমুজের বীজ সংখ্যা প্রায় ৩০০।,৪টি কাঁঠাল এবং ৫টি তরমুজের ওজনের সমষ্টি ৩২কিলোগ্রাম। ৫টি কাঠাল এবং ৪টি তরমুজের ওজনের সমষ্টি ৩১ কিলোগ্রাম। উপরের সব কাঠালের ওজন সমান এবং সব তরমুজের ওজন সমান । ১ কাঠাল ও ১ তরমুজের ওজন কত? ফলগুলো মোট ৪০ জন মানুষের জন্য কেনা হয়েছিল। এই ফলগুলো কিনতে মোট ৫০০ টাকা খরচ হয়েছে। প্রতিটি তরমুজের বীজ সংখ্যা প্রায় ৩০০। বাজারে মোট ৫০টি কাঁঠাল ও তরমুজ বিক্রি হচ্ছিল।
"কোন একটি বিয়ের অনুষ্ঠানে রান্না করতে বাবুর্চি ও তার সহকর্মী মোট ৪০০টি পেঁয়াজ কাটেন। বাবুর্চি প্রতি মিনিটে অন্তত ৩টি পেঁয়াজ এবং তার সহকর্মী প্রতি মিনিটে অন্তত ২টি পেঁয়াজ কাটতে পারে। যদি বাবুর্চি তার সহকর্মীর চেয়ে ২৫ মিনিট আগে পেঁয়াজ কাটা বন্ধ, তবে কে কতটি পেঁয়াজ কেটেছিল আর কার কতক্ষণ সময় লেগেছিল?","বাবুর্চী কাটে ৭০ মিনিটে ২১০টি পেঁয়াজ, সহকারী কাটে ১৯০টি পেঁয়াজ ৯৫ মিনিটে","কোন একটি বিয়ের অনুষ্ঠানে রান্না করতে বাবুর্চি ও তার সহকর্মী মোট ৪০০টি পেঁয়াজ কাটেন। বাবুর্চি প্রতি মিনিটে অন্তত ৩টি পেঁয়াজ এবং তার সহকর্মী প্রতি মিনিটে অন্তত ২টি পেঁয়াজ কাটতে পারে। যদি বাবুর্চি তার সহকর্মীর চেয়ে ২৫ মিনিট আগে পেঁয়াজ কাটা বন্ধ, তবে কে কতটি পেঁয়াজ কেটেছিল আর কার কতক্ষণ সময় লেগেছিল? বিয়েতে মোট ৫০০ জন অতিথি উপস্থিত ছিলেন।","কোন একটি বিয়ের অনুষ্ঠানে রান্না করতে বাবুর্চি ও তার সহকর্মী মোট ৪০০টি পেঁয়াজ কাটেন। বাবুর্চি প্রতি মিনিটে অন্তত ৩টি পেঁয়াজ এবং তার সহকর্মী প্রতি মিনিটে অন্তত ২টি পেঁয়াজ কাটতে পারে। যদি বাবুর্চি তার সহকর্মীর চেয়ে ২৫ মিনিট আগে পেঁয়াজ কাটা বন্ধ, তবে কে কতটি পেঁয়াজ কেটেছিল আর কার কতক্ষণ সময় লেগেছিল? বিয়েতে মোট ৫০০ জন অতিথি উপস্থিত ছিলেন। মোট অনুষ্ঠানের সময়কাল ছিল ৫ ঘণ্টা।","কোন একটি বিয়ের অনুষ্ঠানে রান্না করতে বাবুর্চি ও তার সহকর্মী মোট ৪০০টি পেঁয়াজ কাটেন। বাবুর্চি প্রতি মিনিটে অন্তত ৩টি পেঁয়াজ এবং তার সহকর্মী প্রতি মিনিটে অন্তত ২টি পেঁয়াজ কাটতে পারে। যদি বাবুর্চি তার সহকর্মীর চেয়ে ২৫ মিনিট আগে পেঁয়াজ কাটা বন্ধ, তবে কে কতটি পেঁয়াজ কেটেছিল আর কার কতক্ষণ সময় লেগেছিল? বিয়েতে মোট ৫০০ জন অতিথি উপস্থিত ছিলেন। মোট অনুষ্ঠানের সময়কাল ছিল ৫ ঘণ্টা। রান্নার জন্য মোট ৫০০ কেজি সবজি ব্যবহার করা হয়েছিল।","কোন একটি বিয়ের অনুষ্ঠানে রান্না করতে বাবুর্চি ও তার সহকর্মী মোট ৪০০টি পেঁয়াজ কাটেন। বাবুর্চি প্রতি মিনিটে অন্তত ৩টি পেঁয়াজ এবং তার সহকর্মী প্রতি মিনিটে অন্তত ২টি পেঁয়াজ কাটতে পারে। যদি বাবুর্চি তার সহকর্মীর চেয়ে ২৫ মিনিট আগে পেঁয়াজ কাটা বন্ধ, তবে কে কতটি পেঁয়াজ কেটেছিল আর কার কতক্ষণ সময় লেগেছিল? বিয়েতে মোট ৫০০ জন অতিথি উপস্থিত ছিলেন। মোট অনুষ্ঠানের সময়কাল ছিল ৫ ঘণ্টা। রান্নার জন্য মোট ৫০০ কেজি সবজি ব্যবহার করা হয়েছিল। বাবুর্চির সহকারী গত ১০ বছর ধরে কাজ করছে।"
১০ বছর পূর্বে মিলি ও পুষ্পার বয়সের অনুপাত ছিল ৭: ১ । বর্তমানে তাদের বয়সের অনুপাত ছিল ৩ঃ১। ১৬ বছর পূর্বে মিলি ও পুষ্পার বয়সের অনুপাত কত?,১৬ বছর পূর্বে পুষ্পার জন্ম হয়নি,১০ বছর পূর্বে মিলি ও পুষ্পার বয়সের অনুপাত ছিল ৭: ১ । বর্তমানে তাদের বয়সের অনুপাত ছিল ৩ঃ১। ১৬ বছর পূর্বে মিলি ও পুষ্পার বয়সের অনুপাত কত? তাদের দুজনের বয়সের পার্থক্য এখন ৩০ বছর।,১০ বছর পূর্বে মিলি ও পুষ্পার বয়সের অনুপাত ছিল ৭: ১ । বর্তমানে তাদের বয়সের অনুপাত ছিল ৩ঃ১। ১৬ বছর পূর্বে মিলি ও পুষ্পার বয়সের অনুপাত কত? তাদের দুজনের বয়সের পার্থক্য এখন ৩০ বছর। তাদের পরিবারের মোট ৪ জন সদস্য।,১০ বছর পূর্বে মিলি ও পুষ্পার বয়সের অনুপাত ছিল ৭: ১ । বর্তমানে তাদের বয়সের অনুপাত ছিল ৩ঃ১। ১৬ বছর পূর্বে মিলি ও পুষ্পার বয়সের অনুপাত কত? তাদের দুজনের বয়সের পার্থক্য এখন ৩০ বছর। তাদের পরিবারের মোট ৪ জন সদস্য। তাদের মাসিক পড়াশোনার খরচ ৬০০ টাকা।,১০ বছর পূর্বে মিলি ও পুষ্পার বয়সের অনুপাত ছিল ৭: ১ । বর্তমানে তাদের বয়সের অনুপাত ছিল ৩ঃ১। ১৬ বছর পূর্বে মিলি ও পুষ্পার বয়সের অনুপাত কত? তাদের দুজনের বয়সের পার্থক্য এখন ৩০ বছর। তাদের পরিবারের মোট ৪ জন সদস্য। তাদের মাসিক পড়াশোনার খরচ ৬০০ টাকা। তাদের স্কুলের দৈনিক ক্লাস সংখ্যা ৭টি।
"খেলনা গাড়ি নিয়ে খেলার সময় মিন্টু দেখলো , সেন্টুর গাড়ির সংখ্যা তার চেয়ে বেশি এবং সেন্টু কে বললো, তুমি আমাকে দুইটা গাড়ি দাও তাহলে আমাদের গাড়ির সংখ্যা সমান হবে ।সেন্টু উল্টো জোড় করে মিন্টুর থেকে ২টি গাড়ি নিয়ে হিসাব করে বলল তার গাড়ির সংখ্যা এখন মিন্টুর দ্বিগুণ । শুরুতে কার কয়টি গাড়ি ছিল ?","সেন্টুর ছিল ১০টি, মিন্টুর ছিল ১৪টি খেলনা গাড়ি","খেলনা গাড়ি নিয়ে খেলার সময় মিন্টু দেখলো , সেন্টুর গাড়ির সংখ্যা তার চেয়ে বেশি এবং সেন্টু কে বললো, তুমি আমাকে দুইটা গাড়ি দাও তাহলে আমাদের গাড়ির সংখ্যা সমান হবে ।সেন্টু উল্টো জোড় করে মিন্টুর থেকে ২টি গাড়ি নিয়ে হিসাব করে বলল তার গাড়ির সংখ্যা এখন মিন্টুর দ্বিগুণ । শুরুতে কার কয়টি গাড়ি ছিল ? তাদের মোট খেলনা গাড়ির সংখ্যা ২৫টির বেশি ছিল।","খেলনা গাড়ি নিয়ে খেলার সময় মিন্টু দেখলো , সেন্টুর গাড়ির সংখ্যা তার চেয়ে বেশি এবং সেন্টু কে বললো, তুমি আমাকে দুইটা গাড়ি দাও তাহলে আমাদের গাড়ির সংখ্যা সমান হবে ।সেন্টু উল্টো জোড় করে মিন্টুর থেকে ২টি গাড়ি নিয়ে হিসাব করে বলল তার গাড়ির সংখ্যা এখন মিন্টুর দ্বিগুণ । শুরুতে কার কয়টি গাড়ি ছিল ? তাদের মোট খেলনা গাড়ির সংখ্যা ২৫টির বেশি ছিল। প্রতিটি গাড়ির দাম ছিল ৩০ টাকা।","খেলনা গাড়ি নিয়ে খেলার সময় মিন্টু দেখলো , সেন্টুর গাড়ির সংখ্যা তার চেয়ে বেশি এবং সেন্টু কে বললো, তুমি আমাকে দুইটা গাড়ি দাও তাহলে আমাদের গাড়ির সংখ্যা সমান হবে ।সেন্টু উল্টো জোড় করে মিন্টুর থেকে ২টি গাড়ি নিয়ে হিসাব করে বলল তার গাড়ির সংখ্যা এখন মিন্টুর দ্বিগুণ । শুরুতে কার কয়টি গাড়ি ছিল ? তাদের মোট খেলনা গাড়ির সংখ্যা ২৫টির বেশি ছিল। প্রতিটি গাড়ির দাম ছিল ৩০ টাকা। তারা প্রতিদিন ৩ ঘণ্টা খেলনা গাড়ি দিয়ে খেলে।","খেলনা গাড়ি নিয়ে খেলার সময় মিন্টু দেখলো , সেন্টুর গাড়ির সংখ্যা তার চেয়ে বেশি এবং সেন্টু কে বললো, তুমি আমাকে দুইটা গাড়ি দাও তাহলে আমাদের গাড়ির সংখ্যা সমান হবে ।সেন্টু উল্টো জোড় করে মিন্টুর থেকে ২টি গাড়ি নিয়ে হিসাব করে বলল তার গাড়ির সংখ্যা এখন মিন্টুর দ্বিগুণ । শুরুতে কার কয়টি গাড়ি ছিল ? তাদের মোট খেলনা গাড়ির সংখ্যা ২৫টির বেশি ছিল। প্রতিটি গাড়ির দাম ছিল ৩০ টাকা। তারা প্রতিদিন ৩ ঘণ্টা খেলনা গাড়ি দিয়ে খেলে। তাদের খেলনা গাড়ির সংগ্রহে ১০টি বিভিন্ন মডেল ছিল।"
"বেরু গোয়ালার কাছে একটি কলসিতে ১০ লিটার দুধ এবং দুধ মাপার দুটি খালি পাত্র , একটি ৫ লিটারের, অপরটি ৩ লিটারের। সে ক্রেতাকে ১ লিটার দুধ বিক্রি করতে চায়। গোয়ালার কাছে জেডযেসব পাত্র আছে শুধু তা দিয়ে কিভাবে ক্রেতাকে ১ লিটার দুধ দেয়া সম্ভব?",প্রথমে ৩ লিটারের পাত্রে ৩ লিটার দুধ নিয়ে তা ৫ লিটারের পাত্রে ঢালতে হবে। এবারও একইভাবে আবারও ৩ লিটার দুধ নিয়ে ৫ লিটারের পাত্রে আছে আরো ঢালতে হবে যতক্ষণ না ৫ লিটারের পাত্রটি পূর্ণ হয়। পাত্রটি পূর্ণ হওয়ার পর যে অবশিষ্ট দুধ ৩ লিটারের পাত্রে থেকে যাবে তার পরিমাণ ১ লিটার।,"বেরু গোয়ালার কাছে একটি কলসিতে ১০ লিটার দুধ এবং দুধ মাপার দুটি খালি পাত্র , একটি ৫ লিটারের, অপরটি ৩ লিটারের। সে ক্রেতাকে ১ লিটার দুধ বিক্রি করতে চায়। গোয়ালার কাছে জেডযেসব পাত্র আছে শুধু তা দিয়ে কিভাবে ক্রেতাকে ১ লিটার দুধ দেয়া সম্ভব? গোয়ালার প্রতিদিন প্রায় ৩০ লিটার দুধ বিক্রি হয়।","বেরু গোয়ালার কাছে একটি কলসিতে ১০ লিটার দুধ এবং দুধ মাপার দুটি খালি পাত্র , একটি ৫ লিটারের, অপরটি ৩ লিটারের। সে ক্রেতাকে ১ লিটার দুধ বিক্রি করতে চায়। গোয়ালার কাছে জেডযেসব পাত্র আছে শুধু তা দিয়ে কিভাবে ক্রেতাকে ১ লিটার দুধ দেয়া সম্ভব? গোয়ালার প্রতিদিন প্রায় ৩০ লিটার দুধ বিক্রি হয়। তার খামারে মোট ২০টি গরু আছে।","বেরু গোয়ালার কাছে একটি কলসিতে ১০ লিটার দুধ এবং দুধ মাপার দুটি খালি পাত্র , একটি ৫ লিটারের, অপরটি ৩ লিটারের। সে ক্রেতাকে ১ লিটার দুধ বিক্রি করতে চায়। গোয়ালার কাছে জেডযেসব পাত্র আছে শুধু তা দিয়ে কিভাবে ক্রেতাকে ১ লিটার দুধ দেয়া সম্ভব? গোয়ালার প্রতিদিন প্রায় ৩০ লিটার দুধ বিক্রি হয়। তার খামারে মোট ২০টি গরু আছে। প্রতিটি গরুর ওজন প্রায় ৫০০ কেজি।","বেরু গোয়ালার কাছে একটি কলসিতে ১০ লিটার দুধ এবং দুধ মাপার দুটি খালি পাত্র , একটি ৫ লিটারের, অপরটি ৩ লিটারের। সে ক্রেতাকে ১ লিটার দুধ বিক্রি করতে চায়। গোয়ালার কাছে জেডযেসব পাত্র আছে শুধু তা দিয়ে কিভাবে ক্রেতাকে ১ লিটার দুধ দেয়া সম্ভব? গোয়ালার প্রতিদিন প্রায় ৩০ লিটার দুধ বিক্রি হয়। তার খামারে মোট ২০টি গরু আছে। প্রতিটি গরুর ওজন প্রায় ৫০০ কেজি। ক্রেতা তার থেকে মোট ৩ লিটার দুধ কিনতে চেয়েছিল।"
"একটি যৌথ পরিবারের মোট সদস্য (পুরুষ, মহিলা ও শিশু) ২০ জন। পরিবারের কর্তাবাবুর আদেশ ২০ মণ ধান পরিবারের সকল সদস্যের মধ্যে ভাগ করে দেয়া হবে। ভাগের নিয়ম হলঃ প্রত্যেক পুরুষ পাবে ৩ মণ, প্রত্যেক মহিলা পাবে ২ মণ, এবং প্রত্যেক শিশু পাবে ১ মণ ধান। প্রশ্ন হচ্ছে, কতজন করে ধান পাবে? অর্থাৎ পরিবারটির পুরুষ, মহিলাদের ও শিশুদের সংখ্যা কত?","১জন পুরুষ, ৫ জন মহিলা এবং ১৪ জন শিশু","একটি যৌথ পরিবারের মোট সদস্য (পুরুষ, মহিলা ও শিশু) ২০ জন। পরিবারের কর্তাবাবুর আদেশ ২০ মণ ধান পরিবারের সকল সদস্যের মধ্যে ভাগ করে দেয়া হবে। ভাগের নিয়ম হলঃ প্রত্যেক পুরুষ পাবে ৩ মণ, প্রত্যেক মহিলা পাবে ২ মণ, এবং প্রত্যেক শিশু পাবে ১ মণ ধান। প্রশ্ন হচ্ছে, কতজন করে ধান পাবে? অর্থাৎ পরিবারটির পুরুষ, মহিলাদের ও শিশুদের সংখ্যা কত? এই পরিবারে মোট ১০০টি কক্ষ আছে।","একটি যৌথ পরিবারের মোট সদস্য (পুরুষ, মহিলা ও শিশু) ২০ জন। পরিবারের কর্তাবাবুর আদেশ ২০ মণ ধান পরিবারের সকল সদস্যের মধ্যে ভাগ করে দেয়া হবে। ভাগের নিয়ম হলঃ প্রত্যেক পুরুষ পাবে ৩ মণ, প্রত্যেক মহিলা পাবে ২ মণ, এবং প্রত্যেক শিশু পাবে ১ মণ ধান। প্রশ্ন হচ্ছে, কতজন করে ধান পাবে? অর্থাৎ পরিবারটির পুরুষ, মহিলাদের ও শিশুদের সংখ্যা কত? এই পরিবারে মোট ১০০টি কক্ষ আছে। পরিবারের মাসিক ধানের খরচ প্রায় ৫০ মণ।","একটি যৌথ পরিবারের মোট সদস্য (পুরুষ, মহিলা ও শিশু) ২০ জন। পরিবারের কর্তাবাবুর আদেশ ২০ মণ ধান পরিবারের সকল সদস্যের মধ্যে ভাগ করে দেয়া হবে। ভাগের নিয়ম হলঃ প্রত্যেক পুরুষ পাবে ৩ মণ, প্রত্যেক মহিলা পাবে ২ মণ, এবং প্রত্যেক শিশু পাবে ১ মণ ধান। প্রশ্ন হচ্ছে, কতজন করে ধান পাবে? অর্থাৎ পরিবারটির পুরুষ, মহিলাদের ও শিশুদের সংখ্যা কত? এই পরিবারে মোট ১০০টি কক্ষ আছে। পরিবারের মাসিক ধানের খরচ প্রায় ৫০ মণ। তাদের বাড়ির আয়তন ছিল ২০০০ বর্গফুট।","একটি যৌথ পরিবারের মোট সদস্য (পুরুষ, মহিলা ও শিশু) ২০ জন। পরিবারের কর্তাবাবুর আদেশ ২০ মণ ধান পরিবারের সকল সদস্যের মধ্যে ভাগ করে দেয়া হবে। ভাগের নিয়ম হলঃ প্রত্যেক পুরুষ পাবে ৩ মণ, প্রত্যেক মহিলা পাবে ২ মণ, এবং প্রত্যেক শিশু পাবে ১ মণ ধান। প্রশ্ন হচ্ছে, কতজন করে ধান পাবে? অর্থাৎ পরিবারটির পুরুষ, মহিলাদের ও শিশুদের সংখ্যা কত? এই পরিবারে মোট ১০০টি কক্ষ আছে। পরিবারের মাসিক ধানের খরচ প্রায় ৫০ মণ। তাদের বাড়ির আয়তন ছিল ২০০০ বর্গফুট। পরিবারের সবচেয়ে বয়স্ক সদস্যের বয়স ৮০ বছর।"
দুই অঙ্কেরএকটি সংখ্যার তিন ভাগের এক ভাগ ও চার ভাগের এক ভাগের যোগফল ১৪ ।সংখ্যাটি কত হিসাবটি করো।,24,দুই অঙ্কেরএকটি সংখ্যার তিন ভাগের এক ভাগ ও চার ভাগের এক ভাগের যোগফল ১৪ ।সংখ্যাটি কত হিসাবটি করো। সংখ্যাটি ২৫ এর চেয়ে ছোট।,দুই অঙ্কেরএকটি সংখ্যার তিন ভাগের এক ভাগ ও চার ভাগের এক ভাগের যোগফল ১৪ ।সংখ্যাটি কত হিসাবটি করো। সংখ্যাটি ২৫ এর চেয়ে ছোট। সংখ্যাটির এককের অংক ৪।,দুই অঙ্কেরএকটি সংখ্যার তিন ভাগের এক ভাগ ও চার ভাগের এক ভাগের যোগফল ১৪ ।সংখ্যাটি কত হিসাবটি করো। সংখ্যাটি ২৫ এর চেয়ে ছোট। সংখ্যাটির এককের অংক ৪। সংখ্যাটির দশক স্থানীয় অঙ্কটি ২।,দুই অঙ্কেরএকটি সংখ্যার তিন ভাগের এক ভাগ ও চার ভাগের এক ভাগের যোগফল ১৪ ।সংখ্যাটি কত হিসাবটি করো। সংখ্যাটি ২৫ এর চেয়ে ছোট। সংখ্যাটির এককের অংক ৪। সংখ্যাটির দশক স্থানীয় অঙ্কটি ২। সংখ্যাটির অংকগুলোর যোগফল ৬।
"একটি ৫০০ মিটার লম্বা ট্রেনের গতি ৬০ কিলোমিটার হলে ,অর্ধকিলোমীটার লম্বা একটি সেতু পাড়ি দিতে ট্রেনটির কতক্ষণ সময় লাগবে?",১ মিনিট,"একটি ৫০০ মিটার লম্বা ট্রেনের গতি ৬০ কিলোমিটার হলে ,অর্ধকিলোমীটার লম্বা একটি সেতু পাড়ি দিতে ট্রেনটির কতক্ষণ সময় লাগবে? এই ট্রেনটি দিনে প্রায় ৫০০ কিলোমিটার পথ অতিক্রম করে।","একটি ৫০০ মিটার লম্বা ট্রেনের গতি ৬০ কিলোমিটার হলে ,অর্ধকিলোমীটার লম্বা একটি সেতু পাড়ি দিতে ট্রেনটির কতক্ষণ সময় লাগবে? এই ট্রেনটি দিনে প্রায় ৫০০ কিলোমিটার পথ অতিক্রম করে। ট্রেনটিতে মোট ১২টি বগি আছে।","একটি ৫০০ মিটার লম্বা ট্রেনের গতি ৬০ কিলোমিটার হলে ,অর্ধকিলোমীটার লম্বা একটি সেতু পাড়ি দিতে ট্রেনটির কতক্ষণ সময় লাগবে? এই ট্রেনটি দিনে প্রায় ৫০০ কিলোমিটার পথ অতিক্রম করে। ট্রেনটিতে মোট ১২টি বগি আছে। প্রতিটি বগিতে ৮০ জন যাত্রী বসতে পারে।","একটি ৫০০ মিটার লম্বা ট্রেনের গতি ৬০ কিলোমিটার হলে ,অর্ধকিলোমীটার লম্বা একটি সেতু পাড়ি দিতে ট্রেনটির কতক্ষণ সময় লাগবে? এই ট্রেনটি দিনে প্রায় ৫০০ কিলোমিটার পথ অতিক্রম করে। ট্রেনটিতে মোট ১২টি বগি আছে। প্রতিটি বগিতে ৮০ জন যাত্রী বসতে পারে। ট্রেনটি প্রতিদিন সকাল ৬টায় স্টেশন থেকে ছাড়ে।"
"১টি পার্কে ১/৩ ভাগ নারকেলগাছ, ১/৪ গাছআম গাছ, ১/৫ ভাগ বট গাছ এবং ৩৯টি ফুলের গাছ। বাগানে কোন গাছ কতটি রয়েছে এবং মোট গাছ কয়টি ?","নারিকেল গাছ 60টি, আম গাছ ৪৫টি, বট গাছ ৩৬টি, ফুলের গাছ ৩৯টি","১টি পার্কে ১/৩ ভাগ নারকেলগাছ, ১/৪ গাছআম গাছ, ১/৫ ভাগ বট গাছ এবং ৩৯টি ফুলের গাছ। বাগানে কোন গাছ কতটি রয়েছে এবং মোট গাছ কয়টি ? পার্কটিতে মোট ১০০টি বেঞ্চ আছে।","১টি পার্কে ১/৩ ভাগ নারকেলগাছ, ১/৪ গাছআম গাছ, ১/৫ ভাগ বট গাছ এবং ৩৯টি ফুলের গাছ। বাগানে কোন গাছ কতটি রয়েছে এবং মোট গাছ কয়টি ? পার্কটিতে মোট ১০০টি বেঞ্চ আছে। প্রতিদিন সকালে প্রায় ৩০০ জন মানুষ পার্কে হাঁটতে আসে।","১টি পার্কে ১/৩ ভাগ নারকেলগাছ, ১/৪ গাছআম গাছ, ১/৫ ভাগ বট গাছ এবং ৩৯টি ফুলের গাছ। বাগানে কোন গাছ কতটি রয়েছে এবং মোট গাছ কয়টি ? পার্কটিতে মোট ১০০টি বেঞ্চ আছে। প্রতিদিন সকালে প্রায় ৩০০ জন মানুষ পার্কে হাঁটতে আসে। পার্কটি ১০ একর জমির উপর অবস্থিত।","১টি পার্কে ১/৩ ভাগ নারকেলগাছ, ১/৪ গাছআম গাছ, ১/৫ ভাগ বট গাছ এবং ৩৯টি ফুলের গাছ। বাগানে কোন গাছ কতটি রয়েছে এবং মোট গাছ কয়টি ? পার্কটিতে মোট ১০০টি বেঞ্চ আছে। প্রতিদিন সকালে প্রায় ৩০০ জন মানুষ পার্কে হাঁটতে আসে। পার্কটি ১০ একর জমির উপর অবস্থিত। পার্কটি তৈরি করতে ২০ লক্ষ টাকা খরচ হয়েছিল।"
২০ গ্রাম লবণ দিয়ে ১০% লবণমিশ্রিত শরবত বানাতে কত লিটার পানির দরকার?,১.৮ লিটার,২০ গ্রাম লবণ দিয়ে ১০% লবণমিশ্রিত শরবত বানাতে কত লিটার পানির দরকার? এই শরবত বানানোর জন্য মোট ৫০০ মিলি লিটার চিনির রস ব্যবহার করা হয়েছিল।,২০ গ্রাম লবণ দিয়ে ১০% লবণমিশ্রিত শরবত বানাতে কত লিটার পানির দরকার? এই শরবত বানানোর জন্য মোট ৫০০ মিলি লিটার চিনির রস ব্যবহার করা হয়েছিল। শরবতটি ৫ জন অতিথিকে পরিবেশন করা হয়েছিল।,২০ গ্রাম লবণ দিয়ে ১০% লবণমিশ্রিত শরবত বানাতে কত লিটার পানির দরকার? এই শরবত বানানোর জন্য মোট ৫০০ মিলি লিটার চিনির রস ব্যবহার করা হয়েছিল। শরবতটি ৫ জন অতিথিকে পরিবেশন করা হয়েছিল। প্রতি লিটার চিনির রসের দাম ছিল ৫০ টাকা।,২০ গ্রাম লবণ দিয়ে ১০% লবণমিশ্রিত শরবত বানাতে কত লিটার পানির দরকার? এই শরবত বানানোর জন্য মোট ৫০০ মিলি লিটার চিনির রস ব্যবহার করা হয়েছিল। শরবতটি ৫ জন অতিথিকে পরিবেশন করা হয়েছিল। প্রতি লিটার চিনির রসের দাম ছিল ৫০ টাকা। এই শরবত তৈরিতে মোট ১০ গ্রাম চিনি ব্যবহার করা হয়েছিল।
৩০ কে ১/২ দিয়ে ভাগ করে ১০ যোগ করলে কত হয়?,70,"৩০ কে ১/২ দিয়ে ভাগ করে ১০ যোগ করলে কত হয়? এই হিসাবটি করার জন্য তার কাছে একটি ক্যালকুলেটর ছিল, যেখানে মোট ২০টি বোতাম ছিল।","৩০ কে ১/২ দিয়ে ভাগ করে ১০ যোগ করলে কত হয়? এই হিসাবটি করার জন্য তার কাছে একটি ক্যালকুলেটর ছিল, যেখানে মোট ২০টি বোতাম ছিল। তিনি প্রতিদিন এই ধরণের ৫টি গণিত সমস্যা সমাধান করেন।","৩০ কে ১/২ দিয়ে ভাগ করে ১০ যোগ করলে কত হয়? এই হিসাবটি করার জন্য তার কাছে একটি ক্যালকুলেটর ছিল, যেখানে মোট ২০টি বোতাম ছিল। তিনি প্রতিদিন এই ধরণের ৫টি গণিত সমস্যা সমাধান করেন। একটি সমস্যা সমাধান করতে তার ২ মিনিট সময় লাগে।","৩০ কে ১/২ দিয়ে ভাগ করে ১০ যোগ করলে কত হয়? এই হিসাবটি করার জন্য তার কাছে একটি ক্যালকুলেটর ছিল, যেখানে মোট ২০টি বোতাম ছিল। তিনি প্রতিদিন এই ধরণের ৫টি গণিত সমস্যা সমাধান করেন। একটি সমস্যা সমাধান করতে তার ২ মিনিট সময় লাগে। এই ক্যালকুলেটরটি ৫ বছর আগে কেনা হয়েছিল।"
ডাক্তার এক রোগিকে সকাল ৬টা থেকে দুপুর ১২টা পর্যন্ত আধ ঘন্টা পরপর ১টি টেবলেট খেতে বললেন। রোগীর মোট কতটি টেবলেট প্রয়োজন?,১৩ টা,ডাক্তার এক রোগিকে সকাল ৬টা থেকে দুপুর ১২টা পর্যন্ত আধ ঘন্টা পরপর ১টি টেবলেট খেতে বললেন। রোগীর মোট কতটি টেবলেট প্রয়োজন? ট্যাবলেটগুলোর প্রতিটি প্যাকেটে ১০টি ট্যাবলেট ছিল।,ডাক্তার এক রোগিকে সকাল ৬টা থেকে দুপুর ১২টা পর্যন্ত আধ ঘন্টা পরপর ১টি টেবলেট খেতে বললেন। রোগীর মোট কতটি টেবলেট প্রয়োজন? ট্যাবলেটগুলোর প্রতিটি প্যাকেটে ১০টি ট্যাবলেট ছিল। রোগীর শরীরের তাপমাত্রা ছিল ১০২ ডিগ্রি ফারেনহাইট।,ডাক্তার এক রোগিকে সকাল ৬টা থেকে দুপুর ১২টা পর্যন্ত আধ ঘন্টা পরপর ১টি টেবলেট খেতে বললেন। রোগীর মোট কতটি টেবলেট প্রয়োজন? ট্যাবলেটগুলোর প্রতিটি প্যাকেটে ১০টি ট্যাবলেট ছিল। রোগীর শরীরের তাপমাত্রা ছিল ১০২ ডিগ্রি ফারেনহাইট। ডাক্তার মোট ৫ জন রোগীকে দেখতে এসেছিলেন।,ডাক্তার এক রোগিকে সকাল ৬টা থেকে দুপুর ১২টা পর্যন্ত আধ ঘন্টা পরপর ১টি টেবলেট খেতে বললেন। রোগীর মোট কতটি টেবলেট প্রয়োজন? ট্যাবলেটগুলোর প্রতিটি প্যাকেটে ১০টি ট্যাবলেট ছিল। রোগীর শরীরের তাপমাত্রা ছিল ১০২ ডিগ্রি ফারেনহাইট। ডাক্তার মোট ৫ জন রোগীকে দেখতে এসেছিলেন। প্রতিটি ট্যাবলেট ৫ মিলিগ্রামের ছিল।
"A - B = 10, AB = 16 হলে A² + B² = কত?",132,"A - B = 10, AB = 16 হলে A² + B² = কত? এই বীজগণিত সমস্যাটি সমাধান করতে তার ১০ মিনিট সময় লেগেছিল।","A - B = 10, AB = 16 হলে A² + B² = কত? এই বীজগণিত সমস্যাটি সমাধান করতে তার ১০ মিনিট সময় লেগেছিল। একটি পরীক্ষায় এই ধরনের ১৫টি সমস্যা এসেছিল।","A - B = 10, AB = 16 হলে A² + B² = কত? এই বীজগণিত সমস্যাটি সমাধান করতে তার ১০ মিনিট সময় লেগেছিল। একটি পরীক্ষায় এই ধরনের ১৫টি সমস্যা এসেছিল। প্রতিটি সমস্যার জন্য ৫ নম্বর বরাদ্দ ছিল।","A - B = 10, AB = 16 হলে A² + B² = কত? এই বীজগণিত সমস্যাটি সমাধান করতে তার ১০ মিনিট সময় লেগেছিল। একটি পরীক্ষায় এই ধরনের ১৫টি সমস্যা এসেছিল। প্রতিটি সমস্যার জন্য ৫ নম্বর বরাদ্দ ছিল। তিনি মোট ১২টি সমস্যা সঠিক সমাধান করেছিলেন।"
"জমির ১৯৮৪ সালের ফেব্রুয়ারির ১০০ মাস পরে জন্মগ্রহণ করেছিল।
 জমিরের জন্মদিন কোন মাসে?",জুন মাসে,"""জমির ১৯৮৪ সালের ফেব্রুয়ারির ১০০ মাস পরে জন্মগ্রহণ করেছিল। জমিরের জন্মদিন কোন মাসে?"" জমিরের বাবা ১৯৮৪ সালে ২৫ বছর বয়সী ছিলেন।","""জমির ১৯৮৪ সালের ফেব্রুয়ারির ১০০ মাস পরে জন্মগ্রহণ করেছিল। জমিরের জন্মদিন কোন মাসে?"" জমিরের বাবা ১৯৮৪ সালে ২৫ বছর বয়সী ছিলেন। জমির তার জীবনের প্রথম ৫ বছর গ্রামে কাটিয়েছিলেন।","""জমির ১৯৮৪ সালের ফেব্রুয়ারির ১০০ মাস পরে জন্মগ্রহণ করেছিল। জমিরের জন্মদিন কোন মাসে?"" জমিরের বাবা ১৯৮৪ সালে ২৫ বছর বয়সী ছিলেন। জমির তার জীবনের প্রথম ৫ বছর গ্রামে কাটিয়েছিলেন। তাদের গ্রামের জনসংখ্যা ছিল ১৫০০ জন।","""জমির ১৯৮৪ সালের ফেব্রুয়ারির ১০০ মাস পরে জন্মগ্রহণ করেছিল। জমিরের জন্মদিন কোন মাসে?"" জমিরের বাবা ১৯৮৪ সালে ২৫ বছর বয়সী ছিলেন। জমির তার জীবনের প্রথম ৫ বছর গ্রামে কাটিয়েছিলেন। তাদের গ্রামের জনসংখ্যা ছিল ১৫০০ জন। তার দাদুর বয়স ছিল ৬৫ বছর।"
"১ থেকে ১০০০ পর্যন্ত সংখ্যাগুলোর যোগফল কত?
 (১+২+৩+...+৯৯৮+৯৯৯+১০০০ = ?)",500500,"""১ থেকে ১০০০ পর্যন্ত সংখ্যাগুলোর যোগফল কত? (১+২+৩+...+৯৯৮+৯৯৯+১০০০ = ?)"" এই যোগফলটি করতে তার ৫ মিনিট সময় লেগেছিল।","""১ থেকে ১০০০ পর্যন্ত সংখ্যাগুলোর যোগফল কত? (১+২+৩+...+৯৯৮+৯৯৯+১০০০ = ?)"" এই যোগফলটি করতে তার ৫ মিনিট সময় লেগেছিল। এই যোগফল ব্যবহার করে আরও ১০০০টি সংখ্যা যোগ করা যেতে পারে।","""১ থেকে ১০০০ পর্যন্ত সংখ্যাগুলোর যোগফল কত? (১+২+৩+...+৯৯৮+৯৯৯+১০০০ = ?)"" এই যোগফলটি করতে তার ৫ মিনিট সময় লেগেছিল। এই যোগফল ব্যবহার করে আরও ১০০০টি সংখ্যা যোগ করা যেতে পারে। গণিত অলিম্পিয়াডে এই ধরনের ৫০টি প্রশ্ন ছিল।","""১ থেকে ১০০০ পর্যন্ত সংখ্যাগুলোর যোগফল কত? (১+২+৩+...+৯৯৮+৯৯৯+১০০০ = ?)"" এই যোগফলটি করতে তার ৫ মিনিট সময় লেগেছিল। এই যোগফল ব্যবহার করে আরও ১০০০টি সংখ্যা যোগ করা যেতে পারে। গণিত অলিম্পিয়াডে এই ধরনের ৫০টি প্রশ্ন ছিল। প্রতিটি প্রশ্ন সমাধান করতে গড়ে ১ মিনিট সময় লেগেছিল।"
"নিচের সিরিজের শেষ সংখ্যাটি কত?
 ২, ৫, ১১, ২৩, ৫৭, ?",125,"""নিচের সিরিজের শেষ সংখ্যাটি কত? ২, ৫, ১১, ২৩, ৫৭, ?"" এই সিরিজে মোট ৬টি সংখ্যা রয়েছে।","""নিচের সিরিজের শেষ সংখ্যাটি কত? ২, ৫, ১১, ২৩, ৫৭, ?"" এই সিরিজে মোট ৬টি সংখ্যা রয়েছে। এই সিরিজের প্রথম সংখ্যাটি ৫-এর চেয়ে ছোট।","""নিচের সিরিজের শেষ সংখ্যাটি কত? ২, ৫, ১১, ২৩, ৫৭, ?"" এই সিরিজে মোট ৬টি সংখ্যা রয়েছে। এই সিরিজের প্রথম সংখ্যাটি ৫-এর চেয়ে ছোট। সিরিজটি লিখতে মোট ২০ সেকেন্ড সময় লেগেছিল।","""নিচের সিরিজের শেষ সংখ্যাটি কত? ২, ৫, ১১, ২৩, ৫৭, ?"" এই সিরিজে মোট ৬টি সংখ্যা রয়েছে। এই সিরিজের প্রথম সংখ্যাটি ৫-এর চেয়ে ছোট। সিরিজটি লিখতে মোট ২০ সেকেন্ড সময় লেগেছিল। একটি গণিত প্রতিযোগিতায় ১০ জন অংশগ্রহণকারী ছিল।"
একটি ঝুরিতে ধারণক্ষমতা ১২০টি আনারস অথবা ১৪৪টি আমের । ঝুড়িতে ৯০টি আনারস রাখার পর আর কতটি আম রাখা যাবে?,৩৬টি,একটি ঝুরিতে ধারণক্ষমতা ১২০টি আনারস অথবা ১৪৪টি আমের । ঝুড়িতে ৯০টি আনারস রাখার পর আর কতটি আম রাখা যাবে? ঝুড়িটির ওজন প্রায় ৫ কেজি।,একটি ঝুরিতে ধারণক্ষমতা ১২০টি আনারস অথবা ১৪৪টি আমের । ঝুড়িতে ৯০টি আনারস রাখার পর আর কতটি আম রাখা যাবে? ঝুড়িটির ওজন প্রায় ৫ কেজি। প্রতিটি আম প্রায় ২৫০ গ্রাম ওজনের ছিল।,একটি ঝুরিতে ধারণক্ষমতা ১২০টি আনারস অথবা ১৪৪টি আমের । ঝুড়িতে ৯০টি আনারস রাখার পর আর কতটি আম রাখা যাবে? ঝুড়িটির ওজন প্রায় ৫ কেজি। প্রতিটি আম প্রায় ২৫০ গ্রাম ওজনের ছিল। আনারসগুলোর গড় ওজন ছিল ৭০০ গ্রাম।,একটি ঝুরিতে ধারণক্ষমতা ১২০টি আনারস অথবা ১৪৪টি আমের । ঝুড়িতে ৯০টি আনারস রাখার পর আর কতটি আম রাখা যাবে? ঝুড়িটির ওজন প্রায় ৫ কেজি। প্রতিটি আম প্রায় ২৫০ গ্রাম ওজনের ছিল। আনারসগুলোর গড় ওজন ছিল ৭০০ গ্রাম। ঝুড়িটির উচ্চতা ছিল ৩০ সেন্টিমিটার।
কারিম সাহেবের ৩ পুত্র এবং প্রথম ২ জন যমজ । ৩ পুত্রের বর্তমান বয়সের সমষ্টি ২৯ বছর। ৬ বছর পূর্বে তাদের বয়সের সমষ্টি ছিল ১২ বছর। পুত্রদের বর্তমান বয়স কত?,"১২, ১২, ৩ বছর","কারিম সাহেবের ৩ পুত্র এবং প্রথম ২ জন যমজ । ৩ পুত্রের বর্তমান বয়সের সমষ্টি ২৯ বছর। ৬ বছর পূর্বে তাদের বয়সের সমষ্টি ছিল ১২ বছর। পুত্রদের বর্তমান বয়স কত?"" কারিম সাহেবের পরিবারের মোট সদস্য সংখ্যা ৫ জন।","কারিম সাহেবের ৩ পুত্র এবং প্রথম ২ জন যমজ । ৩ পুত্রের বর্তমান বয়সের সমষ্টি ২৯ বছর। ৬ বছর পূর্বে তাদের বয়সের সমষ্টি ছিল ১২ বছর। পুত্রদের বর্তমান বয়স কত?"" কারিম সাহেবের পরিবারের মোট সদস্য সংখ্যা ৫ জন। তার বড় পুত্রের উচ্চতা ৫ ফুট ৬ ইঞ্চি।","কারিম সাহেবের ৩ পুত্র এবং প্রথম ২ জন যমজ । ৩ পুত্রের বর্তমান বয়সের সমষ্টি ২৯ বছর। ৬ বছর পূর্বে তাদের বয়সের সমষ্টি ছিল ১২ বছর। পুত্রদের বর্তমান বয়স কত?"" কারিম সাহেবের পরিবারের মোট সদস্য সংখ্যা ৫ জন। তার বড় পুত্রের উচ্চতা ৫ ফুট ৬ ইঞ্চি। তার মেজো পুত্রের বয়স ৮ বছর।","কারিম সাহেবের ৩ পুত্র এবং প্রথম ২ জন যমজ । ৩ পুত্রের বর্তমান বয়সের সমষ্টি ২৯ বছর। ৬ বছর পূর্বে তাদের বয়সের সমষ্টি ছিল ১২ বছর। পুত্রদের বর্তমান বয়স কত?"" কারিম সাহেবের পরিবারের মোট সদস্য সংখ্যা ৫ জন। তার বড় পুত্রের উচ্চতা ৫ ফুট ৬ ইঞ্চি। তার মেজো পুত্রের বয়স ৮ বছর। তাদের বাড়িতে ৩টি কক্ষ আছে।"